"siteid","gvillcode","offyr","offmon","offday","offby","fgyr","fgmon","fgday","fgby","intyear","intmon","intday","intby","entyear","entmon","entday","entby"
"302021","302201",2007,4,30,14,2007,5,2,14,2007,5,14,14,2008,1,4,14
"302022","302202",2007,4,23,14,2007,5,1,14,2007,5,10,14,2008,1,4,14
"302022","302203",2007,4,26,14,2007,5,3,14,2007,5,14,14,2008,1,4,14
"302022","302204",2007,4,26,14,2007,5,3,14,2007,5,10,14,2008,1,4,14
"302021","302205",2007,4,30,14,2007,5,2,14,2007,5,14,14,2008,1,4,14
"302022","302206",2007,4,23,14,2007,5,1,14,2007,5,10,14,2008,1,4,14
"203011","203101",2006,11,27,1,2006,11,27,1,2006,11,27,1,2009,11,15,1
"203011","203102",2006,11,26,1,2006,11,26,1,2006,11,26,1,2009,11,10,1
"203011","203103",2006,11,28,1,2006,11,28,1,2006,11,28,1,2009,11,15,1
"102021","102201",2006,6,5,1,2006,6,6,1,2006,6,7,1,2007,7,1,2
"102021","102202",2006,6,10,1,2006,6,11,1,2006,6,11,1,2008,2,18,1
"102021","102203",2006,6,25,1,2006,6,25,1,2006,6,25,1,2008,3,11,1
"102021","102204",2006,7,12,1,2006,7,13,1,2006,7,14,1,2008,5,9,1
"102021","102205",2006,7,17,1,2006,7,17,1,2006,7,18,1,2008,8,3,1
"102021","102206",2006,8,12,1,2006,8,12,1,2006,8,12,1,2008,8,3,1
"102021","102207",2006,8,11,1,2006,8,11,1,2006,8,11,1,2008,8,3,1
"102021","102208",2006,8,31,1,2006,8,31,1,2006,9,1,1,2008,8,3,1
"106031","106301",2006,8,15,1,2006,8,15,1,2006,8,15,1,2007,9,27,1
"106031","106302",2006,8,20,1,2006,8,27,1,2006,8,21,1,2007,10,30,1
"106031","106303",2006,9,25,1,2006,9,30,1,2006,9,26,1,2007,12,6,1
"106031","106304",2006,10,20,1,2006,10,22,1,2006,10,20,1,2007,12,16,1
"102031","102301",2006,8,5,1,2006,12,21,1,2006,12,21,1,2009,9,24,1
"102031","102302",2006,12,7,1,2007,4,10,1,2007,4,10,1,2009,9,22,1
"102031","102303",2006,10,5,1,2007,5,13,1,2007,5,13,1,2009,9,28,1
"102031","102304",2006,10,5,1,2006,12,17,1,2007,4,29,1,2009,9,28,1
"102031","102305",2006,12,19,1,2007,4,28,1,2007,4,28,1,2009,9,28,1
"102031","102306",2006,12,10,1,2006,12,20,1,2007,5,5,1,2009,9,28,1
"102031","102307",2006,10,10,1,2006,12,18,1,2007,4,30,1,2009,9,28,1
"106041","106401",-9,-9,-9,-9,-9,-9,-9,-9,-9,-9,-9,-9,2010,5,7,1
"106041","106402",-9,-9,-9,-9,-9,-9,-9,-9,-9,-9,-9,-9,2010,5,7,1
"106041","106403",-9,-9,-9,-9,-9,-9,-9,-9,-9,-9,-9,-9,2010,5,7,1
"106041","106404",-9,-9,-9,-9,-9,-9,-9,-9,-9,-9,-9,-9,2010,5,7,1
"106041","106405",-9,-9,-9,-9,-9,-9,-9,-9,-9,-9,-9,-9,2010,5,7,1
"106041","106406",-9,-9,-9,-9,-9,-9,-9,-9,-9,-9,-9,-9,2010,5,7,1
"106041","106407",-9,-9,-9,-9,-9,-9,-9,-9,-9,-9,-9,-9,2010,5,7,1
"106041","106408",-9,-9,-9,-9,-9,-9,-9,-9,-9,-9,-9,-9,2010,5,7,1
"106041","106409",-9,-9,-9,-9,-9,-9,-9,-9,-9,-9,-9,-9,2010,5,7,1
"106041","106410",-9,-9,-9,-9,-9,-9,-9,-9,-9,-9,-9,-9,2010,5,7,1
"103011","103101",2007,5,27,9,-8,-8,-8,-8,-8,-8,-8,-8,2010,4,27,1
"103011","103102",2007,4,26,9,2007,4,10,1,2007,-8,-8,-8,2010,4,27,1
"103011","103103",2007,5,26,9,-8,-8,-8,-8,-8,-8,-8,-8,2010,4,27,1
"103011","103104",2007,5,6,9,-8,-8,-8,-8,2007,5,6,9,2010,4,29,1
"103011","103105",2007,5,1,9,-8,-8,-8,-8,2007,5,20,9,2010,4,29,1
"103011","103106",2007,5,1,9,2006,9,23,1,2007,5,2,9,2010,4,27,1
"103011","103107",2007,4,29,9,2006,9,24,1,2007,4,30,9,2010,4,27,1
"103011","103108",2007,4,23,9,2006,9,29,1,2007,5,1,9,2010,4,27,1
"103011","103109",2007,5,1,9,2006,9,23,1,2007,5,29,9,2010,4,27,1
"103011","103110",2007,4,19,9,2007,10,10,1,2007,4,19,1,2010,4,29,1
"103011","103111",2007,5,20,9,2007,4,22,1,2007,5,6,9,2010,4,29,1
"103011","103112",2007,4,4,9,2007,8,27,1,2007,4,13,9,2010,4,29,1
"103011","103113",2007,4,12,9,2007,4,12,1,2007,4,12,1,2010,4,29,1
"103011","103114",2007,4,12,1,2007,9,26,1,2007,5,12,9,2010,4,29,1
"309011","309101",2007,11,26,9,2007,11,26,9,2007,11,26,9,2008,11,3,14
"309011","309102",2008,11,19,8,2008,11,19,8,2008,11,19,8,2008,11,4,14
"309011","309103",2008,11,22,8,2008,11,22,8,2008,11,22,8,2008,11,3,14
"309011","309104",2008,11,26,8,2008,11,26,8,2008,11,26,8,2008,11,3,14
"309011","309105",2008,11,26,9,2008,11,26,9,2008,11,26,9,2008,11,4,14
"309011","309106",2008,11,19,9,2008,11,19,9,2008,11,19,9,2008,11,4,14
"309011","309107",2008,11,23,7,2008,11,23,10,2008,11,23,10,2008,11,4,14
"309011","309108",2008,11,30,7,2008,11,30,7,2008,11,30,7,2008,11,3,14
"309012","309109",2007,12,21,7,2007,12,21,7,2007,12,21,7,2008,11,3,14
"309012","309110",2007,12,15,9,2007,12,15,9,2007,12,15,9,2008,11,3,14
"309012","309111",2008,12,14,7,2008,12,14,7,2008,12,14,7,2008,11,4,14
"309012","309112",2007,12,18,7,2007,12,18,7,2007,12,18,7,2008,11,3,14
"309012","309113",2007,12,19,8,2007,12,19,10,2007,12,19,10,2008,11,4,14
"309012","309114",2008,12,16,8,2008,12,16,8,2008,12,16,8,2008,11,14,14
"309012","309115",2008,12,14,10,2008,12,14,10,2008,12,14,10,2008,11,4,14
"309012","309116",2008,12,21,10,2008,12,21,8,2008,12,21,10,2008,11,4,14
"309011","309117",2008,11,22,7,2008,11,22,9,2008,11,22,10,2008,11,4,14
"104021","104201",2007,5,24,14,2007,5,24,14,2007,5,24,14,2008,4,27,18
"104021","104202",2007,5,23,14,2007,5,23,14,2007,5,23,14,2008,4,23,18
"104021","104203",2007,5,20,8,2007,5,20,8,2007,5,20,8,2008,5,26,18
"104021","104204",2007,5,7,8,2007,5,7,8,2007,5,7,8,2008,8,10,18
"104021","104205",2007,5,4,8,2007,5,4,8,2007,5,4,8,2008,7,28,18
"104021","104206",2007,5,23,14,2007,5,23,14,2007,5,23,14,2008,4,25,18
"104021","104207",2007,5,24,14,2007,5,24,14,2007,5,24,14,2008,4,24,18
"104021","104208",2007,5,15,9,2007,5,15,9,2007,5,15,9,2008,5,19,18
"104021","104209",2007,5,23,14,2007,5,23,14,2007,5,23,14,2008,4,23,18
"104021","104210",2007,5,24,14,2007,5,24,14,2007,5,24,14,2008,4,26,18
"104021","104211",2007,5,13,18,2007,5,13,18,2007,5,13,18,2008,5,14,18
"104021","104212",2007,5,14,13,2007,5,14,13,2007,5,14,13,2008,5,17,18
"104021","104213",2007,10,5,18,2007,10,5,18,2007,10,5,18,2008,8,6,18
"104021","104214",2007,10,16,18,2007,10,16,18,2007,10,16,18,2008,7,16,18
"104021","104215",2007,6,23,15,2007,6,23,15,2007,6,23,15,2008,4,24,18
"104021","104216",2007,6,3,18,2007,5,3,18,2007,5,3,18,2008,9,5,18
"104021","104217",2007,5,24,13,2007,5,24,13,2007,5,24,13,2008,4,24,18
"104021","104218",2007,5,14,15,2007,5,14,15,2007,5,14,15,2008,5,14,15
"104021","104219",2007,6,16,15,2007,6,16,15,2007,6,16,15,2008,5,19,18
"104021","104220",2007,5,13,15,2007,5,13,15,2007,5,13,15,2008,5,14,18
"104021","104221",2007,5,24,18,2007,5,24,18,2007,5,24,18,2008,7,25,18
"104021","104222",2007,10,18,18,2007,10,18,18,2007,10,18,18,2008,8,10,18
"104021","104223",2007,10,27,18,2007,10,27,18,2007,10,27,18,2008,8,7,18
"104021","104224",2007,5,11,18,2007,5,11,18,2007,5,11,18,2008,3,12,18
"104021","104225",2007,5,13,13,2007,5,13,13,2007,5,13,13,2008,5,14,18
"104021","104226",2007,5,29,18,2007,5,29,18,2007,5,29,18,2008,8,10,18
"104021","104227",2007,5,5,18,2007,5,5,18,2007,5,5,18,2008,8,7,18
"104021","104228",2007,5,13,13,2007,5,13,13,2007,5,13,13,2008,5,13,18
"104021","104229",2007,5,17,4,2007,5,17,4,2007,5,17,4,2008,7,16,18
"104021","104230",2007,5,11,18,2007,5,11,18,2007,5,11,18,2008,3,11,18
"104021","104231",2007,5,17,18,2007,5,17,18,2007,5,17,18,2008,3,13,18
"104021","104232",2007,5,13,13,2007,5,13,13,2007,5,13,13,2008,5,17,18
"208011","208101",2008,1,2,3,2008,1,2,2,2008,1,2,2,2008,3,12,2
"208011","208102",2008,1,2,2,2008,1,2,2,2008,1,2,2,2008,3,12,2
"208011","208103",2008,1,3,2,2008,1,3,2,2008,1,3,2,2008,3,12,2
"208011","208104",2008,1,5,4,2008,1,5,4,2008,1,5,4,2008,3,12,2
"208011","208105",2008,1,3,1,2008,1,3,1,2008,1,3,1,2008,3,12,2
"208012","208106",2008,1,9,2,2008,1,9,2,2008,1,9,2,2008,3,10,2
"208012","208107",2008,1,9,2,2008,1,9,2,2008,1,9,2,2008,3,10,2
"208012","208108",2008,1,9,2,2008,1,9,2,2008,1,9,2,2008,3,10,2
"208012","208109",2008,1,9,2,2008,1,9,2,2008,1,9,2,2008,3,10,2
"208012","208110",2008,1,9,2,2008,1,9,2,2008,1,9,2,2008,3,10,2
"208013","208111",2008,1,23,2,2008,1,23,2,2008,1,23,2,2008,3,10,2
"208013","208112",2008,1,25,2,2008,1,25,2,2008,1,25,2,2008,3,10,2
"208013","208113",2008,1,26,2,2008,1,26,2,2008,1,26,2,2008,3,10,2
"208013","208114",2008,1,25,2,2008,1,25,2,2008,1,25,2,2008,3,10,2
"208013","208115",2008,1,27,2,2008,1,27,2,2008,1,27,2,2008,3,10,2
"207011","207101",2007,3,12,1,2007,3,13,1,2007,3,14,1,2007,5,20,1
"207011","207102",2007,3,13,1,2007,3,13,1,2007,3,14,1,2007,5,20,1
"207011","207103",2007,3,15,1,2007,3,15,1,2007,3,16,1,2007,5,20,1
"207011","207104",2007,3,15,1,2007,3,15,1,2007,3,18,1,2007,3,19,1
"207011","207105",2007,3,17,1,2007,3,17,1,2007,3,17,1,2007,5,20,1
"207011","207106",2007,3,16,1,2007,3,16,1,2007,3,18,1,2007,5,20,1
"204021","204201",2009,6,6,5,2009,6,6,5,2009,6,8,5,2010,12,6,6
"204021","204202",2009,6,22,5,2009,6,22,5,2009,6,22,5,2010,12,6,7
"306021","306201",2008,2,2,1,2008,2,2,1,2008,2,2,1,2008,12,29,6
"306021","306202",2008,2,5,2,2008,2,5,2,2008,2,5,2,2008,12,29,6
"306021","306203",2008,2,1,1,2008,2,1,1,2008,2,1,1,2008,12,29,6
"306021","306204",2008,2,9,2,2008,2,9,2,2008,2,9,2,2008,12,29,6
"306021","306205",2008,2,12,1,2008,2,12,1,2008,2,12,1,2008,2,12,6
"306021","306206",2008,2,13,1,2008,2,13,1,2008,2,13,1,2008,12,29,6
"306021","306207",2008,2,6,1,2008,2,6,1,2008,2,6,1,2008,12,29,6
"306021","306208",2008,2,1,1,2008,2,1,1,2008,2,1,1,2008,12,29,6
"306021","306209",2008,1,31,1,2008,1,31,1,2008,1,31,1,2008,12,29,6
"306021","306210",2008,2,2,1,2008,2,2,1,2008,2,2,1,2008,12,29,6
"306021","306211",2008,1,10,1,2008,1,10,1,2008,1,10,1,2008,12,29,6
"306021","306212",2008,1,30,1,2008,1,30,1,2008,1,30,1,2008,12,29,6
"306021","306213",2008,2,1,1,2008,2,1,1,2008,2,1,1,2008,12,29,6
"306021","306214",2008,2,7,1,2008,2,7,1,2008,2,7,1,2008,12,29,6
"306021","306215",2008,2,7,2,2008,2,7,2,2008,11,7,2,2008,12,29,6
"306011","306101",2007,12,13,1,2007,12,13,1,2007,12,13,1,2008,10,7,9
"306011","306102",2007,12,9,1,2007,12,9,1,2007,12,9,1,2008,10,7,9
"306011","306103",2007,12,11,1,2007,12,11,1,2007,12,11,1,2008,10,27,9
"306011","306104",2007,12,8,1,2007,12,8,1,2007,12,8,1,2008,10,7,9
"306011","306105",2007,12,10,1,2007,12,10,1,2007,12,10,1,2008,10,7,9
"306011","306106",2007,12,7,1,2007,12,7,1,2007,12,7,1,2008,10,27,9
"306011","306107",2007,12,6,1,2007,12,6,1,2007,12,6,1,2008,10,7,9
"306011","306108",2007,12,12,1,2007,12,12,1,2007,12,12,1,2008,9,29,9
"306011","306109",2007,12,14,1,2007,12,14,1,2007,12,14,1,2008,10,27,9
"306011","306110",2007,12,9,1,2007,12,9,1,2007,12,9,1,2008,10,23,9
"306011","306111",2007,12,15,1,2007,12,15,1,2007,12,15,1,2008,10,23,9
"306011","306112",2007,12,4,1,2007,12,4,1,2007,12,6,1,2008,10,22,9
"306011","306113",2007,12,5,1,2007,12,5,1,2007,12,5,1,2008,10,7,9
"306011","306114",2007,12,9,1,2007,12,9,1,2007,12,9,1,2008,10,7,9
"306011","306115",2007,12,11,1,2007,12,11,1,2007,12,11,1,2008,10,23,9
"106011","106101",2007,12,5,1,2007,12,6,1,2008,1,12,1,2009,2,1,1
"106011","106102",2007,12,5,1,2008,1,25,1,2008,4,16,1,2009,2,1,1
"106011","106103",2007,12,5,1,2008,1,21,1,2008,4,21,1,2009,2,1,1
"106011","106104",2008,2,7,1,2008,2,10,1,2008,5,18,1,2009,2,1,1
"301011","301101",2005,11,16,1,2005,11,16,2,2005,11,17,2,2006,7,20,3
"301011","301102",2005,11,15,1,2005,11,15,2,2005,11,16,2,2006,7,20,3
"301011","301103",2005,11,19,1,2005,11,19,2,2005,11,20,2,2006,7,20,3
"301011","301104",2005,11,15,1,2005,11,15,2,2005,11,16,2,2006,7,20,3
"301011","301105",2005,11,22,1,2005,11,22,2,2005,11,23,2,2006,7,20,3
"205021","205201",2008,2,24,1,2008,2,28,1,2008,3,10,2,2008,12,28,2
"205022","205202",2008,2,27,1,2008,3,2,1,2008,3,25,2,2008,12,28,2
"201011","201101",2006,12,2,5,2006,12,2,5,2006,12,3,5,2007,12,15,5
"201011","201102",2006,12,4,5,2006,12,4,5,2006,12,5,5,2007,12,15,5
"201011","201103",2006,12,19,5,2006,12,19,5,2006,12,20,5,2007,12,27,5
"201011","201104",2006,12,20,5,2006,12,20,5,2006,12,21,5,2007,12,27,5
"201011","201105",2006,12,20,5,2006,12,20,5,2006,12,21,5,2007,12,27,5
"201011","201106",2006,12,20,5,2006,12,20,5,2006,12,21,5,2007,12,15,5
"201011","201107",2006,12,20,5,2006,12,20,5,2006,12,20,5,2007,12,27,5
"303011","303101",2006,8,2,1,2006,8,2,1,2006,8,2,1,2007,7,5,2
"303011","303103",2006,8,12,1,2006,8,12,1,2006,8,12,1,2007,7,5,2
"303011","303104",2006,8,2,1,2006,8,3,1,2006,8,3,1,2007,7,5,2
"303011","303105",2006,8,2,1,2006,8,2,3,2006,8,2,3,2007,7,5,2
"303011","303106",2006,8,10,1,2006,8,10,3,2006,8,10,1,2007,7,5,2
"303011","303108",2006,8,2,1,2006,8,11,2,2006,8,11,1,2007,7,5,2
"303011","303109",2006,8,2,1,2006,8,17,4,2006,8,17,1,2007,7,5,2
"303011","303110",2006,8,10,1,2006,8,10,1,2006,8,10,1,2007,7,5,2
"303011","303111",2006,8,2,1,2006,8,2,1,2006,8,2,1,2007,7,5,2
"303011","303112",2006,8,15,1,2006,8,15,1,2006,8,15,1,2007,7,5,2
"303011","303113",2006,8,16,1,2006,8,16,3,2006,8,16,3,2007,7,5,2
"303011","303115",2006,8,2,1,2006,8,2,4,2006,8,2,1,2007,7,5,2
"303011","303116",2006,8,2,1,2006,8,16,2,2006,8,16,1,2007,7,5,2
"303011","303117",2006,8,2,1,2006,8,2,1,2006,8,2,1,2007,7,5,2
"303011","303118",2006,8,12,1,2006,8,12,1,2006,8,12,1,2007,7,5,2
"303011","303119",2006,8,2,2,2006,8,2,2,2006,8,2,2,2007,7,5,2
"303011","303120",2006,8,2,1,2006,8,8,1,2006,8,8,1,2007,7,5,2
"303012","303121",2006,8,6,1,2006,8,6,1,2006,8,6,1,2007,7,5,1
"303012","303122",2006,8,9,1,2006,8,9,1,2006,8,9,1,2007,7,5,2
"303012","303123",2006,8,10,1,2006,8,10,1,2006,8,10,1,2007,7,5,2
"303012","303124",2006,8,8,1,2006,8,8,1,2006,8,8,1,2007,7,5,2
"303012","303125",2006,8,12,1,2006,8,12,1,2006,8,12,1,2007,7,5,2
"303012","303126",2006,8,16,1,2006,8,16,1,2006,8,16,1,2007,7,5,2
"303012","303127",2006,8,7,1,2006,8,7,1,2006,8,7,1,2007,7,5,2
"303012","303128",2006,8,9,1,2006,8,9,1,2006,8,9,1,2007,7,5,2
"303012","303129",2006,8,14,1,2006,8,14,1,2006,8,14,1,2007,7,5,2
"303012","303130",2006,8,14,1,2006,8,14,1,2006,8,14,1,2007,7,5,2
"303012","303131",2006,8,11,1,2006,8,11,1,2006,8,11,1,2007,7,5,2
"305011","305101",2006,10,10,5,2005,10,10,1,2005,10,10,1,2005,10,10,1
"305011","305102",2006,10,12,5,2005,10,12,5,2005,10,12,5,2005,10,12,5
"305012","305103",2006,10,12,3,2005,10,12,3,2005,10,12,3,2005,10,12,3
"305012","305104",2006,10,12,3,2005,10,12,3,2005,10,12,3,2005,10,12,3
"305012","305105",2006,12,10,3,2005,12,10,3,2005,12,10,3,2005,12,10,3
"101011","101101",2005,10,25,1,2005,10,10,1,-8,-8,-8,-8,2006,12,15,1
"101011","101102",2005,10,25,1,2005,10,30,1,-8,-8,-8,-8,2006,12,14,1
"101011","101103",2005,10,25,1,2005,11,15,1,-8,-8,-8,-8,2006,12,15,1
"101011","101104",2005,10,25,1,2005,11,5,1,-8,-8,-8,-8,2006,12,15,1
"101011","101105",2005,10,25,1,2005,11,20,1,-8,-8,-8,-8,2006,12,14,1
"101011","101106",2005,10,25,1,2005,12,5,1,-8,-8,-8,-8,2006,12,14,1
"101011","101107",2005,10,25,1,2005,12,10,1,-8,-8,-8,-8,2006,12,14,1
"203021","203201",2006,11,27,1,2006,11,27,1,2006,11,27,1,2009,11,5,1
"203021","203202",2006,11,26,1,2006,11,26,1,2006,11,26,1,2009,11,5,1
"308011","308101",2005,11,25,1,2005,12,12,1,2006,1,24,1,2006,12,6,1
"308011","308102",2005,11,19,1,2005,12,13,1,2006,1,15,1,2006,12,17,1
"308012","308103",2005,11,5,1,2005,12,10,1,2006,1,25,1,2006,12,15,1
"308012","308104",2005,11,6,1,2005,12,11,1,2006,1,25,1,2006,12,15,1
"202011","202101",2007,1,18,2,2007,1,18,2,2007,1,18,2,2007,12,14,1
"202011","202102",2006,12,18,1,2006,12,18,1,2006,12,18,1,2007,12,9,1
"202012","202103",2006,12,20,3,2006,12,20,3,2006,12,20,3,2007,9,5,1
"202012","202104",2006,12,20,2,2006,12,20,2,2006,12,20,2,2007,12,14,1
"202013","202105",2006,12,19,2,2006,12,19,2,2006,12,19,2,2007,12,14,1
"202013","202106",2006,12,19,3,2006,12,19,3,2006,12,19,3,2007,9,5,1
"309021","309201",2007,11,10,13,2007,11,10,13,-8,-8,-8,-8,2008,1,15,13
"309021","309202",2007,11,9,13,2007,11,9,13,-8,-8,-8,-8,2009,2,2,11
"309021","309203",2007,11,10,13,2008,11,10,13,-8,-8,-8,-8,2009,2,2,11
"309021","309204",2007,11,10,13,2007,11,10,13,-8,-8,-8,-8,2009,2,2,11
"309021","309205",2007,11,9,13,2007,11,9,13,-8,-8,-8,-8,2009,2,2,11
"309021","309206",2007,11,9,13,2007,11,9,13,-8,-8,-8,-8,2009,2,2,11
"309021","309207",2007,10,11,13,2007,10,11,13,-8,-8,-8,-8,2009,2,2,11
"309021","309208",2007,11,9,13,2007,11,9,13,-8,-8,-8,-8,2009,2,2,2
"309021","309209",2007,11,11,13,2007,11,11,13,-8,-8,-8,-8,2009,2,2,11
"304011","304101",2006,5,1,30401,2006,5,1,30401,2006,6,1,30401,2010,11,15,30401
"304012","304102",2006,5,1,30401,2006,5,2,30401,2006,6,1,30401,2010,11,15,30401
"105011","105101",2004,11,20,9,2005,9,20,9,2006,9,13,1,2007,9,17,9
"105011","105102",2005,11,20,9,2006,2,17,3,2006,2,17,3,2007,9,17,9
"105011","105103",2006,2,25,3,2006,2,25,3,2006,2,25,3,2007,9,19,9
"105011","105104",2006,2,26,3,2006,2,26,3,2006,2,26,3,2007,9,19,9
"105011","105105",2004,11,20,9,2005,8,5,12,2005,8,10,12,2007,9,25,9
"105011","105106",2004,11,20,9,2005,8,5,12,2005,8,10,12,2007,9,25,9
"105011","105107",2004,11,20,9,2005,8,5,12,2005,8,10,12,2007,9,25,9
"105011","105108",2004,11,20,9,2005,8,5,12,2005,8,10,12,2007,9,25,9
"105011","105109",2004,11,20,9,2005,8,5,12,2005,8,10,12,2007,9,25,9
"105011","105110",2004,11,20,9,2005,8,5,12,2005,8,10,12,2007,9,25,9
"105011","105111",2004,11,20,9,2005,8,5,12,2005,8,10,12,2007,9,25,9
"105011","105112",2004,11,20,9,2005,8,5,12,2005,8,10,12,2006,9,25,9
"307011","307101",2006,10,4,7,2006,10,2,7,2006,10,4,7,2008,2,13,7
"307011","307102",2006,10,6,7,2006,10,5,7,2006,10,6,7,2008,2,16,7
"307011","307103",2006,10,10,7,2006,10,9,7,2006,10,11,7,2008,2,16,7
"307011","307104",2006,10,13,7,2006,10,12,7,2006,10,13,7,2008,2,16,7
"307011","307105",2006,10,17,7,2006,10,16,7,2006,10,17,7,2008,2,16,7
"307011","307106",2006,10,20,7,2006,10,19,7,2006,10,20,7,2008,2,16,7
"307012","307107",2006,10,24,7,2006,10,23,7,2006,10,24,7,2008,2,16,7
"307012","307108",2006,11,17,7,2006,11,16,7,2006,11,17,7,2008,2,16,7
"307012","307109",2006,11,3,7,2006,11,2,7,2006,11,3,7,2008,2,16,7
"307012","307110",2006,10,31,7,2006,10,30,7,2006,10,31,7,2008,2,16,7
"307012","307111",2006,11,14,7,2006,11,13,7,2006,11,14,7,2008,2,16,7
"307012","307112",2006,10,27,7,2006,10,26,7,2006,10,27,7,2008,2,16,7
"307013","307113",2006,11,29,7,2006,11,27,7,2006,11,29,7,2008,2,16,7
"307013","307114",2006,12,8,7,2006,12,7,7,2006,12,8,7,2008,2,16,7
"307013","307115",2006,11,21,7,2006,11,20,7,2006,11,21,7,2008,2,16,7
"307013","307116",2006,11,24,7,2006,11,23,7,2006,11,24,7,2008,2,16,7
"307013","307117",2006,12,1,7,2006,11,30,7,2006,12,1,7,2008,2,16,7
"307013","307118",2006,12,5,7,2006,12,4,7,2006,12,5,7,2008,2,16,7
"102011","102101",2006,6,12,1,2006,6,15,1,2006,8,12,1,2006,12,21,6
"102011","102102",2006,3,8,1,2006,3,10,1,2006,3,12,1,2006,12,21,6
"102011","102103",2006,4,21,2,2006,6,22,2,2006,9,21,2,2006,12,21,6
"102011","102104",2006,4,10,1,2006,4,12,1,2006,4,11,1,2006,12,21,6
"102011","102105",2006,4,15,1,2006,6,14,1,2006,6,15,1,2006,12,21,6
"102011","102106",2006,5,5,1,2006,5,5,1,2006,5,7,1,2006,12,21,6
"304021","304201",2006,2,4,1,2006,2,5,1,2006,2,6,1,2006,3,10,1
"304021","304202",2006,2,4,1,2006,2,7,1,2006,2,7,1,2006,3,10,1
"304021","304203",2006,2,4,1,2006,2,8,1,2006,2,8,1,2006,3,10,1
"304022","304204",2006,2,4,1,2006,2,9,1,2006,2,9,1,2006,3,11,1
"304022","304205",2006,2,4,1,2006,2,10,1,2006,2,10,1,2006,3,12,1
"204011","204101",2006,9,15,1,2006,9,15,1,2006,9,15,1,2007,11,19,4
"204011","204102",2006,9,26,1,2006,9,26,1,2006,9,26,1,2007,11,19,4
"204013","204103",2006,9,20,2,2006,9,22,2,2006,9,22,2,2007,11,19,5
"204013","204104",2006,9,13,2,2006,9,15,2,2006,9,14,2,2007,11,19,5
"204012","204105",2006,9,11,4,2006,9,11,4,2006,9,11,4,2007,11,19,4
"204012","204106",2006,9,17,3,2006,9,17,3,2006,9,17,3,2007,11,19,5
"310011","310101",2007,11,18,8,2007,11,18,8,2007,11,18,8,2009,1,21,8
"310011","310102",2007,11,22,8,2007,11,28,8,2007,12,4,8,2009,1,22,8
"310011","310103",2007,11,24,8,2007,11,24,8,2007,11,24,8,2009,1,22,8
"310012","310104",2007,12,2,8,2007,12,1,8,2007,12,1,8,2009,1,22,8
"310012","310105",2007,12,8,8,2007,12,8,8,2007,12,7,8,2009,1,22,8
"205011","205101",2005,12,15,1,2005,12,15,1,2006,3,15,1,2006,12,15,1
"205011","205102",2005,12,10,1,2005,12,10,1,2006,3,17,1,2006,12,15,1
"205011","205103",2005,12,12,1,2005,12,12,1,2006,3,17,1,2006,12,30,1
"205012","205104",2005,12,17,1,2005,12,17,1,2006,3,19,1,2006,12,30,1
"205012","205105",2005,12,16,1,2005,12,16,1,2006,3,16,1,2006,12,30,1
"201032","201301",2007,11,21,1,2007,11,21,1,2007,11,21,1,2008,10,13,1
"201032","201302",2007,11,21,1,2007,11,23,1,2007,11,23,1,2008,10,14,1
"201032","201303",2007,11,23,1,2007,11,23,1,2007,11,23,1,2008,10,31,1
"201032","201304",2007,11,27,1,2007,11,27,1,2007,11,27,1,2008,10,31,1
"201032","201305",2007,11,21,1,2007,11,21,1,2007,11,21,1,2008,12,22,1
"201032","201306",2007,11,22,1,2007,11,22,1,2007,11,22,1,2008,12,22,1
"201032","201307",2007,11,20,1,2007,11,20,1,2007,11,20,1,2008,12,22,1
"201032","201308",2007,11,28,1,2007,11,28,1,2007,11,28,1,2008,12,22,1
"201031","201309",2007,12,27,1,2007,12,27,1,2007,12,27,1,2008,12,23,1
"201031","201310",2007,12,29,1,2007,12,29,1,2007,12,29,1,2008,12,23,1
"201031","201311",2008,1,2,1,2008,1,2,1,2008,1,2,1,2008,12,23,1
"201031","201312",2008,1,2,1,2008,1,2,1,2008,1,2,1,2008,12,23,1
"201031","201313",2008,12,30,1,2008,12,30,1,2008,12,30,1,2008,12,23,1
"201031","201314",2007,12,30,1,2007,12,30,1,2007,12,30,1,2008,12,23,1
"201021","201201",2006,11,5,1,2006,11,13,1,2006,11,10,1,2007,8,10,1
"201021","201202",2006,11,6,1,2006,11,15,1,2006,11,18,1,2007,8,10,1
"311011","311101",2007,12,13,9,2007,12,13,9,2007,12,14,9,2010,8,11,13
"311011","311102",2007,12,12,6,2007,12,13,6,2007,12,14,6,2010,8,12,13
"311012","311103",2007,11,17,9,2007,12,14,9,2007,11,15,9,2010,8,12,13
"311012","311104",2007,11,13,6,2007,12,14,6,2007,12,15,6,2010,8,12,13
"302011","302101",2007,4,27,15,2007,4,27,15,-8,-8,-8,-8,2008,2,21,16
"302011","302102",2007,5,1,15,2007,5,1,15,-8,-8,-8,-8,2008,2,21,16
"302011","302103",2007,5,2,16,2007,5,2,16,-8,-8,-8,-8,2007,12,8,16
"302012","302104",2007,5,2,16,2007,5,2,16,-8,-8,-8,-8,2008,2,5,16
"302012","302105",2007,4,15,16,2007,4,15,16,-8,-8,-8,-8,2008,2,21,16
"302011","302106",2007,4,14,16,2007,4,14,16,-8,-8,-8,-8,2008,2,8,16
"302012","302107",2007,4,14,16,2007,4,14,16,-8,-8,-8,-8,2008,2,12,16
"302012","302108",2007,4,13,16,2007,4,13,16,-8,-8,-8,-8,2008,2,5,16
"302012","302109",2007,4,7,16,2007,4,7,16,-8,-8,-8,-8,2008,2,12,16
"302012","302110",2007,4,17,16,2007,4,17,16,-8,-8,-8,-8,2008,2,5,16
"302012","302111",2007,4,13,16,2007,4,28,15,-8,-8,-8,-8,2008,2,21,16
"302012","302112",2007,4,23,16,2007,4,23,16,-8,-8,-8,-8,2008,2,12,16
"302011","302113",2007,5,7,16,2007,5,7,16,-8,-8,-8,-8,2008,2,21,16
"302012","302114",2007,4,20,16,2007,4,20,16,-8,-8,-8,-8,2008,2,5,16
"302011","302115",2007,4,21,16,2007,4,21,16,-8,-8,-8,-8,2008,2,12,16
"302011","302116",2007,4,25,16,2007,4,25,16,-8,-8,-8,-8,2008,2,12,16
"302011","302117",2007,4,21,16,2007,4,21,16,-8,-8,-8,-8,2008,2,5,16
"302012","302118",2007,9,12,15,2007,4,24,16,-8,-8,-8,-8,2008,2,21,16
"302012","302119",2007,4,23,16,2007,4,23,16,-8,-8,-8,-8,2007,12,8,16
"302012","302120",2007,5,5,16,2007,5,5,16,-8,-8,-8,-8,2008,2,5,16
"302012","302121",2007,5,4,16,2007,5,4,16,-8,-8,-8,-8,2008,2,5,16
"302012","302122",2007,5,4,16,2007,5,4,16,-8,-8,-8,-8,2008,2,5,16
