"siteid","gvillcode","land_v_cat","land_v_total","land_v_state","land_v_comm","land_v_priv","land_v_open"
"101011","101101",1,921.36398856708,331.9636321326,0,589.40035643448,-9
"101011","101101",2,70.34650514886,0,0,70.34650514886,0
"101011","101101",4,220.25825437134,101.980781784,0,118.27747258734,0
"101011","101101",5,146.496202404,30.35142315,0,116.144779254,0
"101011","101101",7,105.21826692,52.60913346,0,52.60913346,0
"101011","101101",8,18.615539532,2.428113852,0,16.18742568,0
"101011","101101",11,224.36986049406,51.7795278939,0,172.59033260016,0
"101011","101101",12,23.39892382044,14.09115405444,0,9.307769766,0
"101011","101102",1,67.75651704006,21.37144875402,0,46.38506828604,-9
"101011","101102",2,170.92302775512,91.661297913,0,79.26172984212,0
"101011","101102",4,21.043653384,0,0,21.043653384,0
"101011","101102",5,174.62994823584,0,0,174.62994823584,0
"101011","101102",8,7.05367074006,0,0,7.05367074006,0
"101011","101102",11,97.6506454146,45.324791904,0,52.3258535106,0
"101011","101102",12,56.15822654034,56.15822654034,0,0,0
"101011","101103",1,113.109636939,13.152283365,0,99.957353574,-9
"101011","101103",2,30.9786858951,14.16399747,0,16.8146884251,0
"101011","101103",4,23.471767236,14.568683112,0,8.903084124,0
"101011","101103",5,99.957353574,79.318385832,0,20.638967742,0
"101011","101103",7,29.339709045,0,0,29.339709045,0
"101011","101103",8,3.65026449084,0,0,3.65026449084,0
"101011","101103",11,111.86725201806,5.2811476281,0,106.58610438996,0
"101011","101103",12,62.0990117649,62.0990117649,0,0,0
"101011","101104",1,331.235197977,137.795461101,0,193.439736876,-9
"101011","101104",2,45.65663413044,5.665598988,0,39.99103514244,0
"101011","101104",4,60.905189121,13.759311828,0,47.145877293,0
"101011","101104",5,198.093621759,139.61654649,0,58.477075269,0
"101011","101104",7,8.700741303,8.700741303,0,0,0
"101011","101104",8,11.533540797,0,0,11.533540797,0
"101011","101104",11,210.27870643962,18.3322595826,0,191.94644685702,0
"101011","101104",12,51.56909136006,51.56909136006,0,0,0
"101011","101105",1,972.661940547,826.975109427,0,145.68683112,-9
"101011","101105",2,129.43465573728,99.14798229,0,30.28667344728,0
"101011","101105",4,108.455752056,92.268326376,0,16.18742568,0
"101011","101105",5,115.740093612,57.870046806,0,57.870046806,0
"101011","101105",7,60.20912981676,51.71073133476,0,8.498398482,0
"101011","101105",8,71.427015813,30.756108792,0,40.670907021,0
"101011","101105",11,138.9690494628,128.8519084128,0,10.11714105,0
"101011","101105",12,51.92926158144,51.92926158144,0,0,0
"101011","101106",1,229.861444656,74.259815307,0,155.601629349,-9
"101011","101106",2,1.416399747,1.416399747,0,0,0
"101011","101106",4,49.978676787,2.832799494,0,47.145877293,0
"101011","101106",5,106.837009488,28.32799494,0,78.509014548,0
"101011","101106",8,15.378054396,0,0,15.378054396,0
"101011","101106",11,146.43145270128,4.04685642,0,142.38459628128,0
"101011","101106",12,43.64939334612,43.64939334612,0,0,0
"101011","101107",1,211.650590766,59.084103732,0,151.75711575,-9
"101011","101107",2,20.638967742,2.428113852,0,18.21085389,0
"101011","101107",4,124.643177736,0,0,124.643177736,0
"101011","101107",5,132.332204934,34.802965212,0,97.529239722,0
"101011","101107",7,34.39827957,0,0,34.39827957,0
"101011","101107",8,10.39637414298,0,0,10.39637414298,0
"101011","101107",11,203.84825158824,6.22406517396,0,197.62418641428,0
"101011","101107",12,98.73115607874,98.73115607874,0,0,0
"102011","102101",1,110,-8,110,-8,-8
"102011","102101",2,143,-8,143,-8,-8
"102011","102101",4,30,-8,-8,30,-8
"102011","102101",6,5,-8,-8,5,-8
"102011","102101",8,10,-8,-8,10,-8
"102011","102101",10,5,-8,-8,5,-8
"102011","102101",11,3,-8,-8,3,-8
"102011","102101",14,306,-8,253,53,-8
"102011","102102",1,50,-8,50,-8,-8
"102011","102102",2,261,-8,181,80,-8
"102011","102102",4,400,-8,-8,400,-8
"102011","102102",5,93,-8,-8,93,-8
"102011","102102",8,195,-8,-8,195,-8
"102011","102102",11,122,-8,61,61,-8
"102011","102102",12,173,-8,-8,173,-8
"102011","102102",14,1294,-8,292,1002,-8
"102011","102103",1,120,-8,120,-8,-8
"102011","102103",2,123,-8,123,-8,-8
"102011","102103",3,0,-8,-8,-8,-8
"102011","102103",4,110,-8,-8,110,-8
"102011","102103",5,90,-8,70,20,-8
"102011","102103",6,3,-8,-8,3,-8
"102011","102103",7,10,-8,-8,10,-8
"102011","102103",8,10,-8,-8,10,-8
"102011","102103",11,37,-8,-8,37,-8
"102011","102103",12,26,-8,26,-8,-8
"102011","102103",14,429,-8,239,190,-8
"102011","102104",1,1200,-8,400,800,-8
"102011","102104",2,367,-8,300,67,-8
"102011","102104",3,50,-8,-8,50,-8
"102011","102104",4,700,-8,-8,700,-8
"102011","102104",8,1200,-8,-8,1200,-8
"102011","102104",10,2,-8,-8,2,-8
"102011","102104",11,10,-8,10,-8,-8
"102011","102104",14,3529,-8,710,2819,-8
"102011","102105",1,2258,-8,2258,-8,-8
"102011","102105",2,1601,-8,1601,-8,-8
"102011","102105",4,100,-8,-8,100,-8
"102011","102105",11,50,-8,-8,50,-8
"102011","102105",12,2100,-8,2100,-8,-8
"102011","102105",14,6109,-8,5959,150,-8
"102011","102106",1,6500,-8,6500,-8,-8
"102011","102106",14,6500,-8,6500,-8,-8
"102021","102201",1,3986.5,0,3986.5,0,0
"102021","102201",4,12.5,0,12.5,0,0
"102021","102201",5,233,0,233,0,0
"102021","102201",8,233,0,233,0,0
"102021","102201",14,4465,0,4465,0,0
"102021","102202",1,22538,0,22538,0,0
"102021","102202",4,50,0,50,0,0
"102021","102202",8,300,0,300,0,0
"102021","102202",14,22888,0,22888,0,0
"102021","102203",1,14963,0,14963,0,0
"102021","102203",4,35,0,35,0,0
"102021","102203",5,2,0,2,0,0
"102021","102203",8,200,0,200,0,0
"102021","102203",14,15200,0,15200,0,0
"102021","102204",1,6690,0,6690,0,0
"102021","102204",4,10,0,10,0,0
"102021","102204",8,300,0,300,0,0
"102021","102204",14,7000,0,7000,0,0
"102021","102205",1,57720,0,57720,0,0
"102021","102205",4,80,0,80,0,0
"102021","102205",5,100,0,100,0,0
"102021","102205",8,100,0,100,0,0
"102021","102205",14,58000,0,58000,0,0
"102021","102206",1,7741,0,7741,0,0
"102021","102206",4,5,0,5,0,0
"102021","102206",8,50,0,50,0,0
"102021","102206",11,4,0,4,0,0
"102021","102206",14,7800,0,7800,0,0
"102021","102207",1,10461,0,10461,0,0
"102021","102207",4,20,0,20,0,0
"102021","102207",5,20,0,20,0,0
"102021","102207",6,23,0,23,0,0
"102021","102207",8,30,0,30,0,0
"102021","102207",14,11554,0,11554,0,0
"102021","102208",1,18353,0,18353,0,0
"102021","102208",4,42,0,42,0,0
"102021","102208",5,100,0,100,0,0
"102021","102208",8,100,0,100,0,0
"102021","102208",11,5,0,5,0,0
"102021","102208",14,18600,0,18600,0,0
"102031","102301",1,11410,0,11410,0,0
"102031","102301",4,40,0,40,0,0
"102031","102301",5,30,0,30,0,0
"102031","102301",8,20,0,20,0,0
"102031","102301",14,11500,0,11500,0,0
"102031","102302",1,8648,0,8648,0,0
"102031","102302",4,55.8,0,55.8,0,0
"102031","102302",5,18.8,0,18.8,0,0
"102031","102302",8,20,0,20,0,0
"102031","102302",11,2,0,2,0,0
"102031","102302",14,8745,0,8745,0,0
"102031","102303",1,9570,0,9570,0,0
"102031","102303",4,80,0,80,0,0
"102031","102303",5,240,0,240,0,0
"102031","102303",8,18,0,18,0,0
"102031","102303",11,2,0,2,0,0
"102031","102303",14,9910,0,9910,0,0
"102031","102304",1,5590,0,5590,0,0
"102031","102304",4,40,0,40,0,0
"102031","102304",5,20,0,20,0,0
"102031","102304",8,10,0,10,0,0
"102031","102304",11,2,0,2,0,0
"102031","102304",12,408,0,408,0,0
"102031","102304",14,6450,0,6450,0,0
"102031","102305",1,9455,0,9455,0,0
"102031","102305",4,45,0,45,0,0
"102031","102305",5,500,0,500,0,0
"102031","102305",8,20,0,20,0,0
"102031","102305",11,5,0,5,0,0
"102031","102305",14,10025,0,10025,0,0
"102031","102306",1,16723,0,16723,0,0
"102031","102306",4,45,0,45,0,0
"102031","102306",5,100,0,100,0,0
"102031","102306",8,15,0,15,0,0
"102031","102306",11,2,0,2,0,0
"102031","102306",14,16885,0,16885,0,0
"102031","102307",1,17727,0,17727,0,0
"102031","102307",4,100,0,100,0,0
"102031","102307",5,600,0,600,0,0
"102031","102307",8,10,0,10,0,0
"102031","102307",11,3,0,3,0,0
"102031","102307",14,18440,0,18440,0,0
"103011","103101",1,-9,0,-9,-9,0
"103011","103101",4,-9,0,0,-9,0
"103011","103101",5,-9,0,0,-9,0
"103011","103101",8,-9,0,0,-9,0
"103011","103101",11,20,5,5,10,0
"103011","103101",14,-9,5,-9,-9,0
"103011","103102",1,-9,0,-9,-9,0
"103011","103102",4,-9,0,0,-9,0
"103011","103102",5,-9,0,0,-9,0
"103011","103102",8,-9,0,0,-9,0
"103011","103102",11,12,0,4,8,0
"103011","103102",14,-9,0,-9,-9,0
"103011","103103",1,-9,0,-9,-9,0
"103011","103103",4,-9,0,0,-9,0
"103011","103103",5,-9,0,0,-9,0
"103011","103103",8,-9,0,0,-9,0
"103011","103103",11,2,0,1,1,0
"103011","103103",14,-9,0,-9,-9,0
"103011","103104",1,-9,0,-9,-9,0
"103011","103104",4,-9,0,-9,-9,0
"103011","103104",5,-9,0,-9,-9,0
"103011","103104",8,-9,0,-9,-9,0
"103011","103104",11,15,0,4,11,0
"103011","103104",14,-9,0,-9,-9,0
"103011","103105",1,-9,0,-9,-9,0
"103011","103105",4,-9,0,0,-9,0
"103011","103105",5,-9,0,0,-9,0
"103011","103105",8,-9,0,0,-9,0
"103011","103105",11,3,0,1,2,0
"103011","103105",14,-9,0,-9,-9,0
"103011","103106",1,-9,0,-9,-9,0
"103011","103106",4,-9,0,0,-9,0
"103011","103106",5,-9,0,0,-9,0
"103011","103106",8,-9,0,0,-9,0
"103011","103106",11,3,0,1,2,0
"103011","103106",14,-9,0,-9,-9,0
"103011","103107",1,-9,0,-9,-9,0
"103011","103107",4,-9,0,0,-9,0
"103011","103107",5,-9,0,0,-9,0
"103011","103107",8,-9,0,0,-9,0
"103011","103107",11,2,0,1,1,0
"103011","103107",14,-9,0,-9,-9,0
"103011","103108",1,-9,0,-9,-9,0
"103011","103108",4,-9,0,0,-9,0
"103011","103108",5,-9,0,0,-9,0
"103011","103108",8,-9,0,0,-9,0
"103011","103108",11,3,0,1,2,0
"103011","103108",14,-9,0,-9,-9,0
"103011","103109",1,-9,0,-9,-9,0
"103011","103109",4,-9,0,0,-9,0
"103011","103109",5,-9,0,0,-9,0
"103011","103109",8,-9,0,0,-9,0
"103011","103109",11,3,0,1,2,0
"103011","103109",14,-9,0,-9,-9,0
"103011","103110",1,-9,0,-9,-9,0
"103011","103110",4,-9,0,0,-9,0
"103011","103110",5,-9,0,0,-9,0
"103011","103110",8,-9,0,0,-9,0
"103011","103110",11,2,0,1,1,0
"103011","103110",14,-9,0,-9,-9,0
"103011","103111",1,-9,0,-9,-9,0
"103011","103111",4,-9,0,0,-9,0
"103011","103111",5,-9,0,0,-9,0
"103011","103111",8,-9,0,0,-9,0
"103011","103111",11,2,0,1,1,0
"103011","103111",14,-9,0,-9,-9,0
"103011","103112",1,-9,-9,-9,-9,0
"103011","103112",2,-9,-9,0,0,0
"103011","103112",4,-9,-9,0,-9,0
"103011","103112",5,-9,0,0,-9,0
"103011","103112",8,-9,0,0,-9,0
"103011","103112",11,50,5,5,40,0
"103011","103112",14,-9,5,-9,-9,0
"103011","103113",1,-9,-9,-9,-9,0
"103011","103113",2,-9,-9,0,0,0
"103011","103113",4,-9,-9,0,-9,0
"103011","103113",5,-9,0,0,-9,0
"103011","103113",8,-9,0,0,-9,0
"103011","103113",11,3,0,1,2,0
"103011","103113",14,-9,-9,-9,-9,0
"103011","103114",1,-9,-9,-9,-9,0
"103011","103114",2,-9,-9,0,0,0
"103011","103114",4,-9,-9,0,-9,0
"103011","103114",5,-9,0,0,-9,0
"103011","103114",8,-9,0,0,-9,0
"103011","103114",11,15,0,5,10,0
"103011","103114",14,-9,-9,-9,-9,0
"104021","104201",1,640,64,0,576,0
"104021","104201",5,300,30,0,270,0
"104021","104201",7,500,50,0,450,0
"104021","104201",8,160,16,0,144,0
"104021","104201",14,1600,160,0,1440,0
"104021","104202",1,840,0,0,840,0
"104021","104202",4,840,0,0,840,0
"104021","104202",11,4,0,4,0,0
"104021","104202",14,16800,0,4,16796,0
"104021","104202",5,15116,0,0,15116,0
"104021","104203",1,500,0,0,500,0
"104021","104203",4,20,2,0,18,0
"104021","104203",5,2474,247.4,0,2226.6,0
"104021","104203",11,6,0,6,0,0
"104021","104203",14,12350,299.4,9356,2694.6,0
"104021","104204",1,1010,201,5,804,0
"104021","104204",3,25,5,0,20,0
"104021","104204",4,50,10,0,40,0
"104021","104204",5,1550,310,0,1240,0
"104021","104204",8,200,40,0,160,0
"104021","104204",10,30,6,0,24,0
"104021","104204",12,2,0,0,2,0
"104021","104204",14,2867,572,5,2290,0
"104021","104205",1,1200,226.2,0,973.8,0
"104021","104205",4,10,1.9,0,8.1,0
"104021","104205",6,10,1.9,0,8.1,0
"104021","104205",8,160,30.2,0,129.8,0
"104021","104205",11,8,8,0,0,0
"104021","104205",14,3397.5,647.1,0,2750.4,0
"104021","104205",5,2010,378.9,0,1631.1,0
"104021","104206",1,5290,0,5290,0,0
"104021","104206",4,50,0,50,0,0
"104021","104206",5,10,0,10,0,0
"104021","104206",6,15,0,15,0,0
"104021","104206",7,10,0,10,0,0
"104021","104206",8,120,0,120,0,0
"104021","104206",11,5,0,5,0,0
"104021","104206",14,5500,0,5500,0,0
"104021","104207",1,10450,9450,0,1000,0
"104021","104207",4,500,0,0,500,0
"104021","104207",6,300,20,0,280,0
"104021","104207",7,430,30,0,400,0
"104021","104207",8,500,0,0,500,0
"104021","104207",12,40,0,0,40,0
"104021","104207",14,12230,9500,0,2720,0
"104021","104208",1,45,45,0,0,0
"104021","104208",2,40,40,0,0,0
"104021","104208",3,10,10,0,0,0
"104021","104208",4,40,40,0,0,0
"104021","104208",6,22,22,0,0,0
"104021","104208",7,4,4,0,0,0
"104021","104208",8,11,11,0,0,0
"104021","104208",10,1,1,0,0,0
"104021","104208",11,11,11,0,0,0
"104021","104208",12,15,15,0,0,0
"104021","104208",14,205,205,0,0,0
"104021","104208",5,6,6,0,0,0
"104021","104209",1,60,60,0,0,0
"104021","104209",3,15,15,0,0,0
"104021","104209",4,20,20,0,0,0
"104021","104209",8,21,21,0,0,0
"104021","104209",14,120,120,0,0,0
"104021","104209",5,4,4,0,0,0
"104021","104210",1,11004,0,11004,0,0
"104021","104210",4,250,0,250,0,0
"104021","104210",6,36,0,36,0,0
"104021","104210",7,150,0,150,0,0
"104021","104210",8,500,0,500,0,0
"104021","104210",11,10,0,10,0,0
"104021","104210",12,50,0,50,0,0
"104021","104210",14,12000,0,12000,0,0
"104021","104211",1,2130,2130,0,0,0
"104021","104211",3,2.5,0,0,2.5,0
"104021","104211",4,120,0,0,120,0
"104021","104211",6,60,0,0,60,0
"104021","104211",7,1200,0,0,1200,0
"104021","104211",8,420,0,0,420,0
"104021","104211",11,5,0,0,5,0
"104021","104211",14,4000,1712.5,0,2287.5,0
"104021","104212",1,1960,0,1960,0,0
"104021","104212",4,120,0,120,0,0
"104021","104212",6,90,0,90,0,0
"104021","104212",7,50,0,50,0,0
"104021","104212",14,2985,0,2985,0,0
"104021","104212",8,765,0,765,0,0
"104021","104213",1,2626,0,2626,0,0
"104021","104213",3,70,0,70,0,0
"104021","104213",4,156,0,156,0,0
"104021","104213",6,100,0,100,0,0
"104021","104213",8,1161,0,1161,0,0
"104021","104213",11,24,0,24,0,0
"104021","104213",14,5029,0,5029,0,0
"104021","104213",5,892,0,892,0,0
"104021","104214",1,5980.68,0,5980.68,0,0
"104021","104214",4,0.5,0,0.5,0,0
"104021","104214",6,1.5,0,1.5,0,0
"104021","104214",11,2,0,2,0,0
"104021","104214",14,5985.68,0,5985.68,0,0
"104021","104214",8,1,0,1,0,0
"104021","104215",1,455,0,455,0,0
"104021","104215",6,120,0,120,0,0
"104021","104215",11,5,0,5,0,0
"104021","104215",14,620,0,620,0,0
"104021","104215",5,40,0,40,0,0
"104021","104216",6,36.5,0,36.5,0,0
"104021","104216",11,2.5,0,2.5,0,0
"104021","104216",14,39,0,39,0,0
"104021","104217",2,100,0,100,0,0
"104021","104217",4,100,0,100,0,0
"104021","104217",6,50,0,50,0,0
"104021","104217",8,50,0,50,0,0
"104021","104217",14,300,0,300,0,0
"104021","104218",1,10,0,0,10,0
"104021","104218",3,3,0,0,3,0
"104021","104218",4,5.5,0,0,5.5,0
"104021","104218",6,3.5,0,0,3.5,0
"104021","104218",8,8,0,0,8,0
"104021","104218",11,1.1,0,0.75,0.35,0
"104021","104218",14,36.1,0,0.75,35.35,0
"104021","104218",5,5,0,0,5,0
"104021","104219",1,376,0,24,352,0
"104021","104219",3,4,0,2,2,0
"104021","104219",4,10,0,6,4,0
"104021","104219",6,106,0,66,40,0
"104021","104219",11,10,10,0,0,0
"104021","104219",14,584,10,122,452,0
"104021","104219",5,10,0,0,10,0
"104021","104219",8,68,0,24,44,0
"104021","104220",1,200,200,0,0,0
"104021","104220",4,90,90,0,0,0
"104021","104220",6,33,33,0,0,0
"104021","104220",11,4,4,0,0,0
"104021","104220",13,12,12,0,0,0
"104021","104220",14,409,409,0,0,0
"104021","104220",5,70,70,0,0,0
"104021","104221",1,150,25,0,125,0
"104021","104221",4,200,33.4,0,166.6,0
"104021","104221",5,400,66.8,0,333.2,0
"104021","104221",6,40,6.7,0,33.3,0
"104021","104221",8,200,33.4,0,166.6,0
"104021","104221",11,5,0,5,0,0
"104021","104221",12,11,2.7,0,8.3,0
"104021","104221",14,1006,168,5,833,0
"104021","104222",1,460.9,46.1,0,414.8,0
"104021","104222",4,76.6,7.4,0,69.2,0
"104021","104222",6,8,0.8,0,7.2,0
"104021","104222",8,24,2.4,0,21.6,0
"104021","104222",11,5,0.3,2,2.7,0
"104021","104222",14,622.5,61.8,2,558.7,0
"104021","104222",5,48,4.8,0,43.2,0
"104021","104223",1,3439,0,3439,0,0
"104021","104223",6,330,0,330,0,0
"104021","104223",8,120,0,120,0,0
"104021","104223",11,9.5,0,9.5,0,0
"104021","104223",14,3978.5,0,3978.5,0,0
"104021","104223",5,80,0,80,0,0
"104021","104224",1,13385,0,13385,0,0
"104021","104224",4,1120,0,1120,0,0
"104021","104224",5,75,0,75,0,0
"104021","104224",6,420,0,420,0,0
"104021","104224",8,840,0,840,0,0
"104021","104224",10,50,0,50,0,0
"104021","104224",11,100,0,100,0,0
"104021","104224",12,10,0,10,0,0
"104021","104224",14,16000,0,16000,0,0
"104021","104225",1,220,220,0,0,0
"104021","104225",4,32,32,0,0,0
"104021","104225",5,5.5,5.5,0,0,0
"104021","104225",6,3.5,3.5,0,0,0
"104021","104225",8,183,183,0,0,0
"104021","104225",11,4,4,0,0,0
"104021","104225",14,450,450,0,0,0
"104021","104226",1,24585,0,24585,0,0
"104021","104226",4,55,0,55,0,0
"104021","104226",6,70,0,70,0,0
"104021","104226",8,18,0,18,0,0
"104021","104226",11,4,0,4,0,0
"104021","104226",12,2,0,2,0,0
"104021","104226",14,24734,0,24734,0,0
"104021","104227",1,16699,16699,0,0,0
"104021","104227",4,22,22,0,0,0
"104021","104227",6,60,60,0,0,0
"104021","104227",11,14,14,0,0,0
"104021","104227",12,5,5,0,0,0
"104021","104227",14,16800,16800,0,0,0
"104021","104228",1,3358,2431.2,0,926.8,0
"104021","104228",4,480,347.5,0,132.5,0
"104021","104228",7,719.5,520.9,0,198.6,0
"104021","104228",11,3,0,3,0,0
"104021","104228",14,4800.5,3473.4,3,1324.1,0
"104021","104228",5,240,173.8,0,66.2,0
"104021","104229",1,1080,856.4,0,223.6,0
"104021","104229",4,24,19,0,5,0
"104021","104229",8,96,76.1,0,19.9,0
"104021","104229",14,1200,951.5,0,248.5,0
"104021","104230",1,1665,0,1665,0,0
"104021","104230",4,148,0,148,0,0
"104021","104230",6,10,0,10,0,0
"104021","104230",10,45,0,45,0,0
"104021","104230",11,32,0,32,0,0
"104021","104230",14,1900,0,1900,0,0
"104021","104231",1,10747,0,10747,0,0
"104021","104231",2,70,0,70,0,0
"104021","104231",4,210,0,210,0,0
"104021","104231",6,540,0,540,0,0
"104021","104231",11,3,0,3,0,0
"104021","104231",13,190,0,190,0,0
"104021","104231",14,11800,0,11800,0,0
"104021","104231",5,40,0,40,0,0
"104021","104232",1,42,33.6,0,8.4,0
"104021","104232",6,70,56,0,14,0
"104021","104232",8,90,72,0,18,0
"104021","104232",11,8,0,8,0,0
"104021","104232",14,330,257.6,8,64.4,0
"104021","104232",5,120,96,0,24,0
"105011","105101",1,223.220001220703,-8,223.220001220703,0,0
"105011","105101",4,77.09,-8,0,77.09,0
"105011","105101",11,13,-8,13,0,0
"105011","105102",1,158,-8,158,0,0
"105011","105102",4,153,-8,0,153,0
"105011","105103",1,105,-8,105,0,0
"105011","105103",4,150,-8,0,150,0
"105011","105104",1,100,-8,0,100,0
"105011","105104",3,50,-8,0,50,0
"105011","105104",4,100,-8,0,100,0
"105011","105105",1,800,-8,800,0,0
"105011","105105",2,400,-8,400,0,0
"105011","105105",3,25,-8,25,0,0
"105011","105106",1,500,-8,500,0,0
"105011","105106",2,220,-8,220,0,0
"105011","105106",3,75,-8,75,0,0
"105011","105107",1,290,-8,290,0,0
"105011","105107",2,110,-8,110,0,0
"105011","105107",3,20,-8,20,0,0
"105011","105108",1,700,-8,700,0,0
"105011","105108",3,5,-8,5,0,0
"105011","105109",1,110,-8,110,0,0
"105011","105109",2,80,-8,80,0,0
"105011","105109",3,15,-8,15,0,0
"105011","105110",1,500,-8,500,0,0
"105011","105110",2,250,-8,250,0,0
"105011","105111",1,130,-8,130,0,0
"105011","105111",2,40,-8,40,0,0
"105011","105112",1,85,-8,85,0,0
"105011","105112",3,4,-8,4,0,0
"106011","106101",1,-9,-9,0,-9,0
"106011","106101",2,-9,-9,-9,-9,0
"106011","106101",3,-9,-9,0,-9,0
"106011","106101",4,-9,-9,-9,-9,0
"106011","106101",5,-9,0,0,-9,0
"106011","106101",6,-9,-9,-9,-9,0
"106011","106101",8,-9,-9,-9,-9,0
"106011","106101",11,-9,-9,-9,-9,0
"106011","106101",12,-9,-9,0,0,-9
"106011","106102",1,-9,-9,0,0,0
"106011","106102",2,-9,-9,0,0,0
"106011","106102",3,-9,-9,0,0,0
"106011","106102",4,-9,-9,0,0,0
"106011","106102",6,-9,-9,0,0,0
"106011","106102",8,-9,-9,0,0,0
"106011","106102",11,-9,-9,0,0,0
"106011","106102",12,-9,-9,0,0,0
"106011","106103",1,-9,-9,0,0,0
"106011","106103",2,-9,-9,0,0,0
"106011","106103",3,-9,-9,0,0,0
"106011","106103",4,-9,-9,0,0,0
"106011","106103",5,-9,-9,0,0,0
"106011","106103",6,-9,-9,0,0,0
"106011","106103",8,-9,-9,0,0,0
"106011","106103",11,-9,-9,0,0,0
"106011","106103",12,-9,-9,0,0,0
"106011","106104",1,-9,-9,0,0,0
"106011","106104",2,-9,-9,0,0,0
"106011","106104",3,-9,-9,0,0,0
"106011","106104",4,-9,-9,0,0,0
"106011","106104",6,-9,-9,0,0,0
"106011","106104",8,-9,-9,0,0,0
"106011","106104",11,-9,-9,0,0,0
"106011","106104",12,-9,-9,0,0,0
"106031","106301",1,13981,0,13981,0,0
"106031","106301",4,65.2,0,65.2,0,0
"106031","106301",5,790,0,790,0,0
"106031","106301",6,15.15,0,15.15,0,0
"106031","106301",8,77,0,77,0,0
"106031","106301",10,14928.35,0,14928.35,0,0
"106031","106302",1,12105,0,12105,0,0
"106031","106302",4,42.4,0,42.4,0,0
"106031","106302",5,122.25,0,122.25,0,0
"106031","106302",6,8.5,0,8.5,0,0
"106031","106302",8,157.5,0,157.5,0,0
"106031","106302",10,12435,0,12435,0,0
"106031","106303",1,9359,0,9359,0,0
"106031","106303",4,71.1,0,71.1,0,0
"106031","106303",5,184.5,0,184.5,0,0
"106031","106303",6,11,0,11,0,0
"106031","106303",8,122.4,0,122.4,0,0
"106031","106303",10,9748,0,9748,0,0
"106031","106304",1,13972.5,0,13972.5,0,0
"106031","106304",4,40.5,0,40.5,0,0
"106031","106304",5,104.5,0,104.5,0,0
"106031","106304",6,1.5,0,1.5,0,0
"106031","106304",8,182.5,0,182.5,0,0
"106031","106304",10,14300,0,14300,0,0
"106041","106401",-9,-9,-9,-9,-9,-9
"106041","106402",-9,-9,-9,-9,-9,-9
"106041","106403",-9,-9,-9,-9,-9,-9
"106041","106404",-9,-9,-9,-9,-9,-9
"106041","106405",-9,-9,-9,-9,-9,-9
"106041","106406",-9,-9,-9,-9,-9,-9
"106041","106407",-9,-9,-9,-9,-9,-9
"106041","106408",-9,-9,-9,-9,-9,-9
"106041","106409",-9,-9,-9,-9,-9,-9
"106041","106410",-9,-9,-9,-9,-9,-9
"201011","201101",1,13,5,8,0,0
"201011","201101",2,7,0,0,7,0
"201011","201101",3,8,0,0,8,0
"201011","201101",4,12,0,0,12,0
"201011","201101",6,22,0,12,10,0
"201011","201101",11,5,0,0,5,0
"201011","201101",14,67,5,20,42,0
"201011","201102",1,80,0,80,0,0
"201011","201102",3,20,0,0,20,0
"201011","201102",4,20,0,0,20,0
"201011","201102",6,50,0,0,50,0
"201011","201102",11,17,0,0,17,0
"201011","201102",14,240,0,80,160,0
"201011","201103",1,40,5,20,15,0
"201011","201103",3,33,0,13,20,0
"201011","201103",4,48,0,8,40,0
"201011","201103",5,16,0,8,8,0
"201011","201103",6,16,0,6,10,0
"201011","201103",10,8,8,0,0,0
"201011","201103",11,12,0,0,12,0
"201011","201103",14,173,13,55,105,0
"201011","201104",1,32,4,12,16,0
"201011","201104",3,17,0,5,12,0
"201011","201104",4,40,0,8,32,0
"201011","201104",5,12,0,8,4,0
"201011","201104",6,20,0,0,20,0
"201011","201104",11,12,0,0,12,0
"201011","201104",14,133,4,33,96,0
"201011","201105",1,44,0,36,8,0
"201011","201105",3,12,0,8,4,0
"201011","201105",4,73,0,12,61,0
"201011","201105",5,12,0,12,0,0
"201011","201105",6,12,0,8,4,0
"201011","201105",10,12,12,0,0,0
"201011","201105",11,16,0,0,16,0
"201011","201105",14,181,12,76,93,0
"201011","201106",1,45,0,36,9,0
"201011","201106",3,8,0,8,0,0
"201011","201106",4,73,0,12,61,0
"201011","201106",5,12,0,12,0,0
"201011","201106",6,12,0,8,4,0
"201011","201106",10,12,12,0,0,0
"201011","201106",11,12,0,0,12,0
"201011","201106",14,174,12,76,86,0
"201011","201107",1,49,0,37,12,0
"201011","201107",3,12,0,4,8,0
"201011","201107",4,61,0,8,53,0
"201011","201107",5,20,0,12,8,0
"201011","201107",6,20,0,12,8,0
"201011","201107",11,8,0,0,8,0
"201011","201107",14,170,0,73,97,0
"201021","201201",1,246,26,-8,200,20
"201021","201201",2,123,-8,-8,123,-8
"201021","201201",3,984,-8,-8,984,-8
"201021","201201",4,205,20,-8,185,-8
"201021","201201",5,13,13,-8,-8,-8
"201021","201201",6,16.5,-8,-8,16.5,-8
"201021","201201",9,4,4,-8,-8,-8
"201021","201201",11,1.65,-8,-8,1.65,-8
"201021","201201",13,2.05,-8,-8,2.05,-8
"201021","201202",1,60,-8,-8,60,-8
"201021","201202",3,50,-8,-8,50,-8
"201021","201202",4,20,-8,-8,20,-8
"201021","201202",9,2.05,1.23,-8,0.82,-8
"201021","201202",11,3.7,-8,-8,3.7,-8
"201032","201301",2,1,0,0,1,0
"201032","201301",3,24,0,0,24,0
"201032","201301",4,12,0,0,12,0
"201032","201301",6,1,0,0,1,0
"201032","201301",11,0.6,0,0,0.6,0
"201032","201301",12,0.5,0,0.5,0,0
"201032","201302",3,80,0,0,80,0
"201032","201302",4,8,0,0,8,0
"201032","201302",6,8,0,0,8,0
"201032","201302",11,2.12,0,0,2.12,0
"201032","201303",2,40,0,0,40,0
"201032","201303",3,20,0,0,20,0
"201032","201303",11,10,0,0,10,0
"201032","201304",3,40,0,0,40,0
"201032","201304",4,5.2,0,0,5.2,0
"201032","201304",6,30,0,0,30,0
"201032","201304",11,4,0,0,4,0
"201032","201305",3,64,0,64,0,0
"201032","201305",4,16,0,0,16,0
"201032","201305",6,20,0,0,20,0
"201032","201305",11,4.8,0,0,4.8,0
"201032","201306",2,16,0,0,16,0
"201032","201306",3,48,0,0,48,0
"201032","201306",4,20,0,0,20,0
"201032","201306",6,4,0,0,4,0
"201032","201306",11,1.2,0,0,1.2,0
"201032","201306",12,0.8,0,0.8,0,0
"201032","201307",3,40,0,0,40,0
"201032","201307",4,0.6,0,0,0.6,0
"201032","201307",6,200,0,0,200,0
"201032","201307",11,10,0,0,10,0
"201032","201308",1,8,0,8,0,0
"201032","201308",3,40,0,0,40,0
"201032","201308",4,24,0,0,24,0
"201032","201308",6,40,0,0,40,0
"201032","201308",11,8,0,0,8,0
"201031","201309",1,20,0,0,20,0
"201031","201309",3,80,0,0,80,0
"201031","201309",4,10,0,0,10,0
"201031","201309",6,4,0,0,4,0
"201031","201309",11,24,0,0,24,0
"201031","201309",12,4,-0,0,4,0
"201031","201310",1,60,0,0,60,0
"201031","201310",3,80,0,0,80,0
"201031","201310",4,28,0,0,28,0
"201031","201310",6,40,0,0,40,0
"201031","201310",11,8,0,0,8,0
"201031","201311",1,2,0,0,2,0
"201031","201311",3,58,0,0,58,0
"201031","201311",4,60.8,0,0,60.8,0
"201031","201311",11,2,0,0,2,0
"201031","201311",12,6,0,0,6,0
"201031","201312",1,136,0,0,136,0
"201031","201312",2,40,0,0,40,0
"201031","201312",4,24.8,0,0,24.8,0
"201031","201312",6,2.4,0,0,2.4,0
"201031","201312",11,4,0,0,4,0
"201031","201313",3,40,0,0,40,0
"201031","201313",6,32,0,0,32,0
"201031","201313",11,24,0,0,24,0
"201031","201314",3,80,0,0,80,0
"201031","201314",4,36,0,0,36,0
"201031","201314",6,32,0,0,32,0
"201031","201314",11,48,0,0,48,0
"201031","201314",12,40,0,40,0,0
"202011","202101",1,127,0,127,0,0
"202011","202101",3,500,0,500,0,0
"202011","202101",4,27,0,27,0,0
"202011","202101",5,1.3,0,1.3,0,0
"202011","202101",10,7,0,7,0,0
"202011","202101",11,7,0,7,0,0
"202011","202102",1,200,0,200,0,0
"202011","202102",3,344,0,344,0,0
"202011","202102",4,100,0,100,0,0
"202011","202102",9,30,0,30,0,0
"202011","202102",11,2.8,0,2.8,0,0
"202012","202103",1,2467,2467,0,0,0
"202012","202103",3,239,0,0,239,0
"202012","202103",4,333,0,333,0,0
"202012","202103",8,3.35,3.35,0,0,0
"202012","202103",9,80,0,80,0,0
"202012","202103",11,2.4,0,2.4,0,0
"202012","202104",1,667,0,667,0,0
"202012","202104",3,100,0,0,100,0
"202012","202104",4,400,0,400,0,0
"202012","202104",8,17,-9,-9,-9,-9
"202012","202104",9,133,0,133,0,0
"202012","202104",11,1.52,-9,-9,-9,-9
"202013","202105",1,4750,0,4750,0,0
"202013","202105",3,422,0,422,0,0
"202013","202105",4,303,0,303,0,0
"202013","202105",6,33,0,0,33,0
"202013","202105",9,5368,0,5368,0,0
"202013","202105",11,207,0,207,0,0
"202013","202106",1,321,0,321,0,0
"202013","202106",3,568,0,568,0,0
"202013","202106",4,306,0,306,0,0
"202013","202106",11,2.55,0,2.55,0,0
"203011","203101",2,800,800,0,0,0
"203011","203101",4,21,0,0,21,0
"203011","203101",5,200,200,0,0,0
"203011","203101",11,2,0,0,2,0
"203011","203102",2,310,310,0,0,0
"203011","203102",4,185,0,0,185,0
"203011","203102",13,125.66,125.66,0,0,0
"203011","203102",14,620.66,435.66,0,185,0
"203011","203103",2,331,331,0,0,0
"203011","203103",4,46,0,0,46,0
"203011","203103",10,13,0,0,0,13
"203011","203103",13,4.32,4.32,0,0,0
"203011","203103",14,394.32,335.32,0,46,13
"203021","203201",2,800,750,50,0,0
"203021","203201",4,35,0,0,35,0
"203021","203201",5,200,100,0,0,100
"203021","203201",10,1038,850,53,35,100
"203021","203201",11,3,0,3,0,0
"203021","203202",2,234,134,100,0,0
"203021","203202",4,290,0,0,290,0
"203021","203202",7,10,0,0,10,0
"203021","203202",10,554.25,134,110.25,300,10
"203021","203202",11,20.25,0,10.25,0,10
"204011","204101",1,16000,10000,6000,0,0
"204011","204101",2,9047,9047,0,0,0
"204011","204101",4,5500,0,0,5500,0
"204011","204101",6,3000,0,0,3000,0
"204011","204101",8,50,0,0,50,0
"204011","204101",10,168,168,0,0,0
"204011","204101",11,700,0,0,700,0
"204011","204102",1,225,215,10,0,0
"204011","204102",4,1200,0,0,1200,0
"204011","204102",11,75,0,0,75,0
"204013","204103",3,5740,5725,0,15,0
"204013","204103",4,7500,0,0,7500,0
"204013","204103",11,50,0,0,50,0
"204013","204103",12,710,0,0,710,0
"204013","204104",1,360,360,0,0,0
"204013","204104",4,2000,0,0,2000,0
"204013","204104",8,1500,0,0,1500,0
"204013","204104",9,700,0,0,700,0
"204013","204104",10,80,0,0,80,0
"204013","204104",11,187,0,0,187,0
"204013","204104",12,184,0,0,184,0
"204013","204104",13,189,0,0,189,0
"204012","204105",1,70,50,20,0,0
"204012","204105",4,200,0,0,200,0
"204012","204105",8,391,0,0,391,0
"204012","204105",9,3,0,0,3,0
"204012","204105",11,20,0,0,20,0
"204012","204105",12,160,0,0,160,0
"204012","204105",13,10,0,10,0,0
"204012","204106",1,307,277,30,0,0
"204012","204106",3,24,0,0,24,0
"204012","204106",4,302,0,0,302,0
"204012","204106",8,200,0,0,200,0
"204012","204106",11,13,0,13,0,0
"204012","204106",12,4,0,4,0,0
"204012","204106",13,1,0,1,0,0
"204021","204201",4,24,0,0,24,0
"204021","204201",10,26,26,0,0,0
"204021","204201",11,50,0.6,0,49.4,0
"204021","204201",14,100,26.6,0,73.4,0
"204021","204202",1,150,150,0,0,0
"204021","204202",4,563,0,0,563,0
"204021","204202",10,18,0,18,0,0
"204021","204202",11,1415,0,0,1415,0
"204021","204202",14,2146,150,18,1978,0
"205011","205101",1,899.4,-8,897.4,2,-8
"205011","205101",3,0.7,-8,0.2,0.5,-8
"205011","205101",4,59.6,-8,-8,59.6,-8
"205011","205101",8,22.4,-8,-8,22.4,-8
"205011","205101",9,158.2,-8,158.2,-8,-8
"205011","205101",10,847.7,-8,846.7,1,-8
"205011","205101",11,4.8,3.6,-8,1.2,-8
"205011","205101",12,1.7,1.7,-8,-8,-8
"205011","205101",13,6,6,-8,-8,-8
"205011","205101",14,2000.5,11.3,1902.5,86.7,-8
"205011","205102",1,1065.3,-8,1065.3,0,-8
"205011","205102",3,11.8,-8,9.5,2.3,-8
"205011","205102",4,83.5,-8,-8,83.5,-8
"205011","205102",8,61.7,-8,-8,61.7,-8
"205011","205102",9,98,-8,98,-8,-8
"205011","205102",10,902.7,-8,902.7,0,-8
"205011","205102",11,13,11.2,-8,1.8,-8
"205011","205102",12,8,8,-8,-8,-8
"205011","205102",13,239.7,239.7,-8,-8,-8
"205011","205102",14,2483.7,258.9,2075.5,149.3,-8
"205011","205103",1,261.7,-8,260.2,1.5,-8
"205011","205103",3,0.7,-8,0.15,0.55,-8
"205011","205103",4,35.8,-8,-8,35.8,-8
"205011","205103",8,84.7,-8,-8,84.7,-8
"205011","205103",9,60.8,-8,60.8,-8,-8
"205011","205103",10,164.9,-8,164.9,0,-8
"205011","205103",11,2.9,2.3,-8,0.6,-8
"205011","205103",12,56.6,56.6,-8,-8,-8
"205011","205103",13,0,0,-8,-8,-8
"205011","205103",14,668.1,58.9,486.05,123.15,-8
"205012","205104",1,98.9,-8,97.7,1.2,-8
"205012","205104",3,2.1,-8,0,2.1,-8
"205012","205104",4,25.8,-8,-8,25.8,-8
"205012","205104",8,21,-8,-8,21,-8
"205012","205104",9,48.9,-8,48.9,-8,-8
"205012","205104",10,51.1,-8,51.1,0,-8
"205012","205104",11,1.1,0.8,-8,0.3,-8
"205012","205104",12,5.1,5.1,-8,-8,-8
"205012","205104",13,0,0,-8,-8,-8
"205012","205104",14,254,5.9,197.7,50.4,-8
"205012","205105",1,2021.8,-8,2021.8,0,-8
"205012","205105",3,1.85,-8,1.5,0.35,-8
"205012","205105",4,176.7,-8,-8,176.7,-8
"205012","205105",8,84.3,-8,-8,84.3,-8
"205012","205105",9,295.6,-8,295.6,-8,-8
"205012","205105",10,1929.5,-8,1929.5,0,-8
"205012","205105",11,7.2,5.1,-8,2.1,-8
"205012","205105",12,152.5,152.5,-8,-8,-8
"205012","205105",13,2623.3,2623.3,-8,-8,-8
"205012","205105",14,7292.75,2780.9,4284.4,263.45,-8
"205021","205201",1,3572.96,2572.96,0,0,1000
"205021","205201",2,297.04,0,297.04,0,0
"205021","205201",3,0,0,0,0,0
"205021","205201",4,608,0,0,608,0
"205021","205201",8,0,0,0,0,0
"205021","205201",11,32,1.1,0.9,30,0
"205021","205201",12,2.02,0,0,0,2.02
"205021","205201",13,0,0,0,0,0
"205022","205202",1,850.7,779.83,0,0,70.87
"205022","205202",2,117,0,117,0,0
"205022","205202",3,3.3,0,0,3.3,0
"205022","205202",4,812,0,0,812,0
"205022","205202",8,25.12,5.7,1.35,8.62,9.45
"205022","205202",11,35.16,0.22,0.15,34.79,0
"205022","205202",12,3.15,1.27,0,0.98,0.9
"205022","205202",13,1442.58,1442.58,0,0,0
"207011","207101",3,50,0,50,0,0
"207011","207101",4,42.75,0,0,42.75,0
"207011","207101",8,42.91,0,42.91,0,0
"207011","207101",11,19.69,0,10.99,8.9,0
"207011","207101",1,5050.080078125,0,0,80,0
"207011","207102",1,3239.23999023438,-9,-9,-9,-9
"207011","207102",3,26.75,0,26.75,0,0
"207011","207102",4,57.12,0,0,57.12,0
"207011","207102",8,151.8,0,151.8,0,0
"207011","207102",11,71.59,0,33.2,38.29,0
"207011","207102",13,694.94,0,694.94,0,0
"207011","207103",4,26.05,0,26.05,0,0
"207011","207103",8,31.11,0,31.11,0,0
"207011","207103",11,13.39,-9,6.89,6.5,0
"207011","207103",1,3159.28002929688,0,0,13,0
"207011","207103",13,3622.24,0,3622.24,0,0
"207011","207104",1,2174.13989257812,-9,-9,-9,-9
"207011","207104",3,1685.5,-9,-9,-9,-9
"207011","207104",4,0,-9,-9,-9,-9
"207011","207104",8,6.81,0,6.81,0,0
"207011","207104",11,61.26,0,39.74,21.52,0
"207011","207104",13,481.27,0,481.27,0,0
"207011","207105",3,29.9,0,29.9,0,0
"207011","207105",4,29.44,0,0,29.44,0
"207011","207105",8,30.46,0,30.46,0,0
"207011","207105",11,15.93,0,10.74,5.19,0
"207011","207105",1,726.539978027344,0,0,2.03999996185303,0
"207011","207105",13,42.13,0,42.13,0,0
"207011","207106",10,672.85,-9,-9,-9,-9
"207011","207106",3,29.26,0,29.26,0,0
"207011","207106",4,43.75,0,0,43.75,0
"207011","207106",8,69.41,0,69.41,0,0
"207011","207106",11,56.13,0,35.79,20.34,0
"207011","207106",13,230.95,0,230.96,0,0
"208011","208101",1,569.25,500,69.25,0,0
"208011","208101",4,124,0,0,124,0
"208011","208101",9,20,0,0,20,0
"208011","208101",11,104,30,0,74,0
"208011","208101",14,817.25,530,69.25,218,0
"208011","208102",1,80,0,0,0,80
"208011","208102",2,45,0,45,0,0
"208011","208102",4,205,0,0,205,0
"208011","208102",11,50,10,0,40,0
"208011","208102",14,380,10,45,245,80
"208011","208103",4,600,0,0,600,0
"208011","208103",8,50,0,0,50,0
"208011","208103",11,57,0,0,57,0
"208011","208103",14,707,0,0,707,0
"208011","208104",1,354,0,354,0,0
"208011","208104",4,186,0,0,186,0
"208011","208104",5,20,0,0,20,0
"208011","208104",8,30,0,0,30,0
"208011","208104",11,100,0,0,100,0
"208011","208104",14,690,0,354,336,0
"208011","208105",1,300,300,0,0,0
"208011","208105",4,900,0,0,900,0
"208011","208105",11,75,0,0,75,0
"208011","208105",14,1275,300,0,975,0
"208012","208106",4,19,0,0,19,0
"208012","208106",8,12,6,0,6,0
"208012","208106",11,9,0,3,6,0
"208012","208106",13,2,0,2,0,0
"208012","208106",14,42,6,5,31,0
"208012","208107",1,78,0,0,78,0
"208012","208107",4,57,0,0,57,0
"208012","208107",10,2,2,0,0,0
"208012","208107",11,10,0,2,8,0
"208012","208107",13,1,0,1,0,0
"208012","208107",14,148,2,3,143,0
"208012","208108",1,1000,930,0,70,0
"208012","208108",4,90,0,0,90,0
"208012","208108",5,70,0,0,70,0
"208012","208108",8,100,0,0,100,0
"208012","208108",9,20,20,0,0,0
"208012","208108",11,60,0,10,50,0
"208012","208108",14,1340,950,10,380,0
"208012","208109",1,100,0,0,100,0
"208012","208109",4,94,0,0,94,0
"208012","208109",8,10,10,0,0,0
"208012","208109",9,5,5,0,0,0
"208012","208109",10,10,0,0,10,0
"208012","208109",11,20,0,0,20,0
"208012","208109",14,239,15,224,0,0
"208012","208110",1,50,0,0,50,0
"208012","208110",4,84,0,0,84,0
"208012","208110",5,20,0,0,20,0
"208012","208110",11,20,4,0,16,0
"208012","208110",14,174,4,0,170,0
"208013","208111",3,800,0,0,800,0
"208013","208111",4,70,0,0,70,0
"208013","208111",8,200,0,200,0,0
"208013","208111",11,15,0,5,10,0
"208013","208111",14,1085,0,205,880,0
"208013","208112",1,3600,0,3600,0,0
"208013","208112",3,800,746,0,54,0
"208013","208112",4,400,0,0,400,0
"208013","208112",11,300,0,20,280,0
"208013","208112",14,5100,746,3620,734,0
"208013","208113",1,2500,2500,0,0,0
"208013","208113",4,283,0,0,283,0
"208013","208113",8,200,0,200,0,0
"208013","208113",11,400,0,100,300,0
"208013","208113",14,3383,2500,300,583,0
"208013","208114",1,1200,1200,0,0,0
"208013","208114",3,1100,0,0,1100,0
"208013","208114",4,15,0,0,15,0
"208013","208114",11,25,0,5,20,0
"208013","208114",14,2340,1200,5,1135,0
"208013","208115",1,2000,2000,0,0,0
"208013","208115",4,220,0,0,220,0
"208013","208115",11,15,0,0,15,0
"208013","208115",14,2235,2000,0,235,0
"301011","301101",1,6300,6300,0,0,0
"301011","301101",4,500,0,0,500,0
"301011","301101",8,97,0,0,97,0
"301011","301101",11,40,0,0,40,0
"301011","301101",12,5,0,0,0,5
"301011","301102",1,8000,8000,0,0,0
"301011","301102",2,1000,0,0,0,1000
"301011","301102",4,1525,0,0,1525,0
"301011","301102",5,1,0,1,0,0
"301011","301102",6,60,0,0,60,0
"301011","301102",8,1600,0,0,1600,0
"301011","301102",11,230,0,0,230,0
"301011","301102",12,100,0,0,0,100
"301011","301103",1,14000,14000,0,0,0
"301011","301103",4,300,0,0,300,0
"301011","301103",5,1,0,1,0,0
"301011","301103",6,10,0,0,10,0
"301011","301103",8,400,0,0,400,0
"301011","301103",11,40,0,0,40,0
"301011","301103",12,150,0,0,0,150
"301011","301104",1,18000,18000,0,0,0
"301011","301104",4,1000,0,0,1000,0
"301011","301104",8,1500,0,0,1500,0
"301011","301104",11,150,0,0,150,0
"301011","301104",12,2,0,0,0,2
"301011","301105",1,20000,20000,0,0,0
"301011","301105",4,3600,0,0,3600,0
"301011","301105",5,10,0,10,0,0
"301011","301105",6,5,0,0,5,0
"301011","301105",8,2125,0,0,2125,0
"301011","301105",11,400,0,0,400,0
"301011","301105",12,25,0,0,0,25
"302011","302101",1,296,0,296,0,0
"302011","302101",4,35.8,0,0,35.8,0
"302011","302101",9,7.6,0,7.6,0,0
"302011","302102",1,290,0,290,0,0
"302011","302102",4,47.7,0,0,47.7,0
"302011","302102",9,11.3,0,11.3,0,0
"302011","302103",1,234,0,234,0,0
"302011","302103",4,65,0,0,65,0
"302011","302103",9,10,0,10,0,0
"302012","302104",1,460,0,460,0,0
"302012","302104",4,41.4,0,0,41.4,0
"302012","302104",9,15.6,0,15.6,0,0
"302012","302105",1,9,0,9,0,0
"302012","302105",3,201,0,201,0,0
"302012","302105",4,38,0,0,38,0
"302012","302105",9,5,0,5,0,0
"302011","302106",3,310,0,310,0,0
"302011","302106",4,54.2,0,0,54.2,0
"302011","302106",9,5.9,0,5.9,0,0
"302012","302107",1,302,0,302,0,0
"302012","302107",4,30,0,0,30,0
"302012","302107",9,12.1,0,12.1,0,0
"302012","302108",1,317,0,317,0,0
"302012","302108",4,15.4,0,0,15.4,0
"302012","302108",9,18.6,0,18.6,0,0
"302012","302109",1,164,0,164,0,0
"302012","302109",4,34.2,0,0,34.2,0
"302012","302109",9,13.7,0,13.7,0,0
"302012","302110",1,266,0,266,0,0
"302012","302110",4,35.8,0,0,35.8,0
"302012","302110",9,13.4,0,13.4,0,0
"302012","302111",1,282,0,282,0,0
"302012","302111",4,14.8,0,0,14.8,0
"302012","302111",9,20.8,0,20.8,0,0
"302012","302112",1,328,0,328,0,0
"302012","302112",4,35.2,0,0,35.2,0
"302012","302112",9,16.6,0,16.6,0,0
"302011","302113",1,308,0,308,0,0
"302011","302113",4,37.3,0,0,37.3,0
"302011","302113",9,13.2,0,13.2,0,0
"302012","302114",1,268,0,268,0,0
"302012","302114",4,35.3,0,0,35.3,0
"302012","302114",9,4.4,0,4.4,0,0
"302011","302115",1,223,0,223,0,0
"302011","302115",4,52.2,0,0,52.2,0
"302011","302115",9,7.6,0,7.6,0,0
"302011","302116",1,270,0,270,0,0
"302011","302116",3,21,0,21,0,0
"302011","302116",4,35.6,0,0,35.6,0
"302011","302116",9,28.8,0,28.8,0,0
"302011","302117",1,361,0,361,0,0
"302011","302117",4,50.8,0,0,50.8,0
"302011","302117",9,9.9,0,9.9,0,0
"302012","302118",1,222,0,222,0,0
"302012","302118",3,68,0,68,0,0
"302012","302118",4,30.8,0,0,30.8,0
"302012","302118",9,7.6,0,7.6,0,0
"302012","302119",1,152,0,152,0,0
"302012","302119",4,37.6,0,0,37.6,0
"302012","302119",9,6.3,0,6.3,0,0
"302012","302120",1,302,0,302,0,0
"302012","302120",4,0,0,0,0,0
"302012","302120",9,22.3,0,22.3,0,0
"302012","302121",1,274,0,274,0,0
"302012","302121",4,35.8,0,0,35.8,0
"302012","302121",9,10.6,0,10.6,0,0
"302012","302122",1,189,0,189,0,0
"302012","302122",4,9.4,0,0,9.4,0
"302012","302122",9,7.3,0,7.3,0,0
"302021","302201",1,80,0,0,0,80
"302021","302201",4,300,0,0,300,0
"302021","302201",10,280,0,210,70,0
"302021","302201",11,115,0,25,90,0
"302021","302201",12,200,0,0,0,200
"302021","302201",14,975,0,235,460,280
"302022","302202",1,50,0,0,0,50
"302022","302202",3,455,455,0,0,0
"302022","302202",4,95,0,0,95,0
"302022","302202",10,12,0,12,0,0
"302022","302202",11,15,0,3,12,0
"302022","302202",14,627,455,15,107,50
"302022","302203",1,110,110,0,0,0
"302022","302203",3,530,510,0,20,0
"302022","302203",4,225,0,0,225,0
"302022","302203",10,20,0,20,0,0
"302022","302203",11,90,10,5,75,0
"302022","302203",14,975,855,25,95,0
"302022","302204",1,520,0,0,0,520
"302022","302204",3,231,221,0,10,0
"302022","302204",4,130,0,0,130,0
"302022","302204",10,40,0,20,20,0
"302022","302204",11,60,0,12,48,0
"302022","302204",14,981,221,32,208,520
"302021","302205",1,184,0,0,30,154
"302021","302205",4,190,0,0,190,0
"302021","302205",8,12,0,0,12,0
"302021","302205",10,49,0,9,40,0
"302021","302205",12,65,0,0,0,65
"302021","302205",14,500,0,9,272,219
"302022","302206",1,300,300,0,0,0
"302022","302206",3,221,221,0,0,0
"302022","302206",4,265,0,0,265,0
"302022","302206",10,25,0,25,0,0
"302022","302206",11,52,25,2,25,0
"302022","302206",14,863,546,27,290,0
"303011","303101",1,4.5,-8,2.5,2,-8
"303011","303101",4,37.5,-8,37.5,-8,-8
"303011","303101",11,9,-8,9,-8,-8
"303011","303101",14,51,-8,49,2,-8
"303011","303103",1,33.81,24.5,-8,-8,9.31
"303011","303103",4,7.35,-8,-8,7.35,-8
"303011","303103",11,20,-8,-8,20,-8
"303011","303103",14,61.16,24.5,-8,27.35,9.31
"303011","303104",1,5,-8,-8,5,-8
"303011","303104",2,3,3,-8,-8,-8
"303011","303104",3,1,-8,1,-8,-8
"303011","303104",4,75,-8,-8,75,-8
"303011","303104",7,12.5,-8,-8,12.5,-8
"303011","303104",8,12.5,-8,-8,12.5,-8
"303011","303104",11,10,-8,-8,10,-8
"303011","303104",14,119,3,1,115,-8
"303011","303105",1,0.8,-8,0.8,-8,-8
"303011","303105",3,0.4,-8,0.4,-8,-8
"303011","303105",4,24,-8,-8,24,-8
"303011","303105",11,12,-8,-8,12,-8
"303011","303105",12,6,-8,-8,-8,6
"303011","303105",14,43.2,-8,1.2,36,6
"303011","303106",1,11,-8,6,5,-8
"303011","303106",2,2,-8,2,-8,-8
"303011","303106",4,20,-8,-8,20,-8
"303011","303106",11,5,-8,-8,5,-8
"303011","303106",12,20,-8,20,-8,-8
"303011","303106",14,58,-8,28,30,-8
"303011","303108",1,28.45,-8,1.5,26.95,-8
"303011","303108",3,5.117,-8,3.5,1.617,-8
"303011","303108",4,100,-8,-8,100,-8
"303011","303108",5,30,-8,30,-8,-8
"303011","303108",8,5,-8,-8,5,-8
"303011","303108",11,40,-8,-8,40,-8
"303011","303108",12,15,-8,-8,15,-8
"303011","303108",14,223.567,-8,36.225,188.567,-8
"303011","303109",1,4.9,-8,-8,4.9,-8
"303011","303109",3,1.715,-8,0.25,1.47,-8
"303011","303109",4,13.72,-8,-8,13.72,-8
"303011","303109",8,3.18,-8,-8,3.18,-8
"303011","303109",11,2.45,-8,-8,2.45,-8
"303011","303109",12,1.96,-8,-8,-8,1.96
"303011","303109",14,27.93,-8,0.25,25.72,1.96
"303011","303110",1,2,-8,2,-8,-8
"303011","303110",3,2,-8,2,-8,-8
"303011","303110",4,285,-8,-8,285,-8
"303011","303110",6,0.5,-8,0.5,-8,-8
"303011","303110",10,2.5,-8,2.5,-8,-8
"303011","303110",11,2,-8,-8,2,-8
"303011","303110",14,294,-8,7,287,-8
"303011","303111",1,3.92,-8,-8,-8,3.92
"303011","303111",3,0.49,-8,0.49,-8,-8
"303011","303111",4,30,-8,-8,30,-8
"303011","303111",8,0.1225,-8,-8,0.1225,-8
"303011","303111",14,34.5325,-8,0.49,30.1225,3.92
"303011","303112",1,8,-8,5,3,-8
"303011","303112",2,9,-8,9,-8,-8
"303011","303112",3,2,-8,2,-8,-8
"303011","303112",4,250,-8,250,-8,-8
"303011","303112",11,62.5,-8,-8,62.5,-8
"303011","303112",14,331.5,-8,266,65.5,-8
"303011","303113",1,2,-8,2,-8,-8
"303011","303113",3,0.5,-8,-8,0.5,-8
"303011","303113",4,43,-8,-8,43,-8
"303011","303113",11,13,-8,-8,13,-8
"303011","303113",12,3,-8,-8,3,-8
"303011","303113",14,61.5,-8,2,59.5,-8
"303011","303115",1,10,-8,10,-8,-8
"303011","303115",2,12,-8,12,-8,-8
"303011","303115",3,20,-8,20,-8,-8
"303011","303115",4,35,-8,35,-8,-8
"303011","303115",5,60,-8,60,-8,-8
"303011","303115",8,9,-8,9,-8,-8
"303011","303115",11,5,-8,5,-8,-8
"303011","303115",12,5,-8,5,-8,-8
"303011","303115",14,156,-8,156,-8,-8
"303011","303116",1,4.41,-8,4.41,-8,-8
"303011","303116",2,0.81,-8,0.81,-8,-8
"303011","303116",3,0.98,-8,0.98,-8,-8
"303011","303116",4,130,-8,130,-8,-8
"303011","303116",5,2.45,-8,2.45,-8,-8
"303011","303116",6,7,-8,7,-8,-8
"303011","303116",8,7.9,-8,7.9,-8,-8
"303011","303116",11,4,-8,4,-8,-8
"303011","303116",12,0.98,-8,0.98,-8,-8
"303011","303116",14,158.53,-8,158.53,-8,-8
"303011","303117",1,1.5,-8,-8,-8,1.5
"303011","303117",2,2,2,-8,-8,-8
"303011","303117",3,1.5,-8,1.5,-8,-8
"303011","303117",4,10,-8,-8,10,-8
"303011","303117",8,1,-8,-8,1,-8
"303011","303117",14,16,2,1.5,11,1.5
"303011","303118",1,3,-8,-8,-8,3
"303011","303118",3,0.49,-8,0.49,-8,-8
"303011","303118",4,200,-8,-8,200,-8
"303011","303118",11,50,-8,-8,50,-8
"303011","303118",12,4.9,-8,-8,4.9,-8
"303011","303118",14,258.39,-8,0.49,254.9,3
"303011","303119",2,15,-8,-8,-8,15
"303011","303119",3,15,-8,-8,-8,15
"303011","303119",4,200,-8,-8,200,-8
"303011","303119",10,3,-8,-8,-8,3
"303011","303119",11,9,-8,-8,9,-8
"303011","303119",12,20,-8,-8,-8,20
"303011","303119",13,3,-8,-8,-8,3
"303011","303119",14,265,-8,-8,209,56
"303011","303120",1,2.5,-8,2.5,-8,-8
"303011","303120",3,0.708,-8,0.708,-8,-8
"303011","303120",4,121,-8,-8,121,-8
"303011","303120",6,0.25,-8,0.25,-8,-8
"303011","303120",8,11,-8,11,-8,-8
"303011","303120",10,30.25,-8,30.25,-8,-8
"303011","303120",11,60.5,-8,-8,60.5,-8
"303011","303120",14,226.208,-8,44.708,181.5,-8
"303012","303121",4,68.6,-8,-8,68.6,-8
"303012","303121",7,0.245,-8,-8,0.245,-8
"303012","303121",11,1.568,-8,-8,1.568,-8
"303012","303121",14,70.413,-8,-8,70.413,-8
"303012","303122",4,63.7,-8,-8,63.7,-8
"303012","303122",7,0.12,-8,-8,0.12,-8
"303012","303122",11,27.93,-8,-8,27.93,-8
"303012","303122",14,91.75,-8,-8,91.75,-8
"303012","303123",4,26.95,-8,-8,26.95,-8
"303012","303123",8,2,-8,-8,2,-8
"303012","303123",11,9.163,-8,-8,9.163,-8
"303012","303123",14,38.113,-8,-8,38.113,-8
"303012","303124",4,23.52,-8,-8,23.52,-8
"303012","303124",8,0.4,-8,-8,0.4,-8
"303012","303124",11,3.136,-8,-8,3.136,-8
"303012","303124",14,27.056,-8,-8,27.056,-8
"303012","303125",2,2.45,-8,-8,2.45,-8
"303012","303125",3,0.49,-8,-8,0.49,-8
"303012","303125",4,112.822,-8,-8,112.822,-8
"303012","303125",8,5.88,-8,-8,5.88,-8
"303012","303125",11,9.21,-8,-8,9.21,-8
"303012","303125",14,130.852,-8,-8,130.852,-8
"303012","303126",4,22.05,-8,-8,22.05,-8
"303012","303126",11,4.41,-8,-8,4.41,-8
"303012","303126",12,1.96,-8,-8,1.96,-8
"303012","303126",14,28.42,-8,-8,28.42,-8
"303012","303127",3,1.22,-8,-8,1.22,-8
"303012","303127",4,44.1,-8,-8,44.1,-8
"303012","303127",11,7.35,-8,-8,7.35,-8
"303012","303127",14,52.67,-8,-8,52.67,-8
"303012","303128",4,29.4,-8,-8,29.4,-8
"303012","303128",7,0.049,-8,-8,0.049,-8
"303012","303128",11,18.473,-8,-8,18.473,-8
"303012","303128",14,47.922,-8,-8,47.922,-8
"303012","303129",4,22.875,-8,-8,22.875,-8
"303012","303129",11,3.038,-8,-8,3.038,-8
"303012","303129",12,0.735,-8,-8,0.735,-8
"303012","303129",14,26.648,-8,-8,26.648,-8
"303012","303130",4,22.785,-8,-8,22.785,-8
"303012","303130",11,3.036,-8,-8,3.036,-8
"303012","303130",14,25.821,-8,-8,25.821,-8
"303012","303131",3,18.5,-8,-8,18.5,-8
"303012","303131",4,66.15,-8,-8,66.15,-8
"303012","303131",11,8.82,-8,-8,8.82,-8
"303012","303131",14,93.47,-8,-8,93.47,-8
"304011","304101",1,2550,-8,2550,-8,-8
"304011","304101",4,2925,-8,-8,2925,-8
"304011","304101",9,1275,-8,1275,-8,-8
"304011","304101",10,750,-8,750,-8,-8
"304012","304102",1,2500,-8,2500,-8,-8
"304012","304102",4,3600,-8,-8,3600,-8
"304012","304102",9,1800,-8,1800,-8,-8
"304012","304102",10,2100,-8,2100,-8,-8
"304021","304201",10,500,0,500,0,0
"304021","304202",10,500,0,500,0,0
"304021","304203",10,200,0,200,0,0
"304022","304204",10,1000,0,1000,0,0
"304022","304205",10,200,0,200,0,0
"305011","305101",1,756,756,0,0,0
"305011","305102",1,756,756,0,0,0
"305012","305103",1,104,104,0,0,0
"305012","305104",1,104,104,0,0,0
"305012","305105",1,104,104,0,0,0
"306011","306101",1,72,60,0,12,0
"306011","306101",2,0,0,0,0,0
"306011","306101",3,2,0,2,0,0
"306011","306101",4,3650,0,0,3650,0
"306011","306101",5,0,0,0,0,0
"306011","306101",6,0,0,0,0,0
"306011","306101",7,0,0,0,0,0
"306011","306101",8,500,0,0,500,0
"306011","306101",9,0,0,0,0,0
"306011","306101",10,0,0,0,0,0
"306011","306101",11,3,0,0,3,0
"306011","306101",12,160,0,0,80,80
"306011","306101",13,2,0,0,2,0
"306011","306101",14,4889,60,2,4247,580
"306011","306102",1,38020,38000,0,20,0
"306011","306102",2,0,0,0,0,0
"306011","306102",3,0,0,0,0,0
"306011","306102",4,1620,0,0,1620,0
"306011","306102",5,0,0,0,0,0
"306011","306102",6,0,0,0,0,0
"306011","306102",7,0,0,0,0,0
"306011","306102",8,640,0,0,640,0
"306011","306102",9,0,0,0,0,0
"306011","306102",10,0,0,0,0,0
"306011","306102",11,20,0,0,20,0
"306011","306102",12,22,0,0,11,11
"306011","306102",13,8,0,0,8,0
"306011","306102",14,40330,38000,0,2319,11
"306011","306103",1,6228,6220,0,8,0
"306011","306103",2,0,0,0,0,0
"306011","306103",3,64,64,0,0,0
"306011","306103",4,850,0,0,850,0
"306011","306103",5,0,0,0,0,0
"306011","306103",6,0,0,0,0,0
"306011","306103",7,0,0,0,0,0
"306011","306103",8,360,0,0,360,0
"306011","306103",9,0,0,0,0,0
"306011","306103",10,0,0,0,0,0
"306011","306103",11,0,0,0,0,0
"306011","306103",12,12,0,0,12,0
"306011","306103",13,0,0,0,0,0
"306011","306103",14,7514,6284,0,1230,0
"306011","306104",1,827,770,0,57,0
"306011","306104",2,0,0,0,0,0
"306011","306104",3,0,0,0,0,0
"306011","306104",4,24,0,0,24,0
"306011","306104",5,0,0,0,0,0
"306011","306104",6,0,0,0,0,0
"306011","306104",7,0,0,0,0,0
"306011","306104",8,0,0,0,0,0
"306011","306104",9,0,0,0,0,0
"306011","306104",10,0,0,0,0,0
"306011","306104",11,6,0,0,6,0
"306011","306104",12,5,0,0,5,0
"306011","306104",13,0,0,0,0,0
"306011","306104",14,862,770,0,92,0
"306011","306105",1,700,700,0,0,0
"306011","306105",2,0,0,0,0,0
"306011","306105",3,0,0,0,0,0
"306011","306105",4,940,0,0,940,0
"306011","306105",5,0,0,0,0,0
"306011","306105",6,0,0,0,0,0
"306011","306105",7,0,0,0,0,0
"306011","306105",8,370,0,0,370,0
"306011","306105",9,0,0,0,0,0
"306011","306105",10,0,0,0,0,0
"306011","306105",11,11,0,0,11,0
"306011","306105",12,20,0,0,20,0
"306011","306105",13,0,0,0,0,0
"306011","306105",14,2041,700,0,1341,0
"306011","306106",1,500,500,0,0,0
"306011","306106",2,0,0,0,0,0
"306011","306106",3,0,0,0,0,0
"306011","306106",4,270,0,0,270,0
"306011","306106",5,0,0,0,0,0
"306011","306106",6,0,0,0,0,0
"306011","306106",7,0,0,0,0,0
"306011","306106",8,20,0,0,20,0
"306011","306106",9,0,0,0,0,0
"306011","306106",10,0,0,0,0,0
"306011","306106",11,0,0,0,0,0
"306011","306106",12,36,0,0,36,0
"306011","306106",13,0,0,0,0,0
"306011","306107",1,268,200,8,60,0
"306011","306107",2,0,0,0,0,0
"306011","306107",3,324,0,0,324,0
"306011","306107",4,4050,0,0,4050,0
"306011","306107",5,0,0,0,0,0
"306011","306107",6,4,0,0,4,0
"306011","306107",7,0,0,0,0,0
"306011","306107",8,4050,0,0,4046,4
"306011","306107",9,0,0,0,0,0
"306011","306107",10,0,0,0,0,0
"306011","306107",11,78,0,8,70,0
"306011","306107",12,2025,0,0,2025,0
"306011","306107",13,0,0,0,0,0
"306011","306107",14,10871,200,88,10579,4
"306011","306108",1,-9,-9,0,80,0
"306011","306108",2,0,0,0,0,0
"306011","306108",3,1,0,0,1,0
"306011","306108",4,1200,0,0,1200,0
"306011","306108",5,0,0,0,0,0
"306011","306108",6,0,0,0,0,0
"306011","306108",7,0,0,0,0,0
"306011","306108",8,300,0,0,300,0
"306011","306108",9,0,0,0,0,0
"306011","306108",10,0,0,0,0,0
"306011","306108",11,20,0,20,0,0
"306011","306108",12,40,0,0,40,0
"306011","306108",13,0,0,0,0,0
"306011","306108",14,-9,-9,20,1620,0
"306011","306109",1,0,0,0,0,0
"306011","306109",2,0,0,0,0,0
"306011","306109",3,24,0,0,24,0
"306011","306109",4,970,0,0,970,0
"306011","306109",5,0,0,0,0,0
"306011","306109",6,0,0,0,0,0
"306011","306109",7,0,0,0,0,0
"306011","306109",8,1518,0,0,1518,0
"306011","306109",9,0,0,0,0,0
"306011","306109",10,0,0,0,0,0
"306011","306109",11,10.5,0,0,10.5,0
"306011","306109",12,70,0,0,70,0
"306011","306109",13,0,0,0,0,0
"306011","306109",14,2592.5,0,0,2592.5,0
"306011","306110",1,465,0,60,405,0
"306011","306110",2,0,0,0,0,0
"306011","306110",3,4,0,0,4,0
"306011","306110",4,656,0,0,656,0
"306011","306110",5,0,0,0,0,0
"306011","306110",6,0,0,0,0,0
"306011","306110",7,0,0,0,0,0
"306011","306110",8,160,0,0,160,0
"306011","306110",9,0,0,0,0,0
"306011","306110",10,0,0,0,0,0
"306011","306110",11,6,0,6,0,0
"306011","306110",12,4,0,4,0,0
"306011","306110",13,0,0,0,0,0
"306011","306110",14,1295,0,90,1205,0
"306011","306111",1,2950,0,980,1970,0
"306011","306111",2,0,0,0,0,0
"306011","306111",3,17,0,0,17,0
"306011","306111",4,4800,0,0,4800,0
"306011","306111",5,0,0,0,0,0
"306011","306111",6,0,0,0,0,0
"306011","306111",7,0,0,0,0,0
"306011","306111",8,4000,0,0,4000,0
"306011","306111",9,0,0,0,0,0
"306011","306111",10,0,0,0,0,0
"306011","306111",11,16,0,16,0,0
"306011","306111",12,80,0,0,80,0
"306011","306111",13,0,0,0,0,0
"306011","306111",14,11863,0,996,10867,0
"306011","306112",1,100,0,0,100,0
"306011","306112",2,0,0,0,0,0
"306011","306112",3,10,0,0,10,0
"306011","306112",4,400,0,0,400,0
"306011","306112",5,0,0,0,0,0
"306011","306112",6,0,0,0,0,0
"306011","306112",7,0,0,0,0,0
"306011","306112",8,120,0,0,120,0
"306011","306112",9,0,0,0,0,0
"306011","306112",10,0,0,0,0,0
"306011","306112",11,40,0,4,36,0
"306011","306112",12,160,0,0,160,0
"306011","306112",13,0,0,0,0,0
"306011","306112",14,764,0,4,760,0
"306011","306113",2,0,0,0,0,0
"306011","306113",3,1000,800,0,200,0
"306011","306113",4,8000,0,0,8000,0
"306011","306113",5,0,0,0,0,0
"306011","306113",6,0,0,0,0,0
"306011","306113",7,0,0,0,0,0
"306011","306113",8,5000,0,0,2500,2500
"306011","306113",10,0,0,0,0,0
"306011","306113",11,22,0,20,2,0
"306011","306113",12,48,0,4,20,24
"306011","306113",14,14270,800,24,10822,2624
"306011","306114",1,-9,-9,0,12,0
"306011","306114",2,0,0,0,0,0
"306011","306114",3,0,0,0,0,0
"306011","306114",4,162,0,0,162,0
"306011","306114",5,0,0,0,0,0
"306011","306114",6,0,0,0,0,0
"306011","306114",7,0,0,0,0,0
"306011","306114",8,80,0,0,80,0
"306011","306114",9,0,0,0,0,0
"306011","306114",10,0,0,0,0,0
"306011","306114",11,1,0,0,1,0
"306011","306114",12,20,0,0,20,0
"306011","306114",13,0,0,0,0,0
"306011","306114",14,275,0,0,275,0
"306011","306115",1,0,0,0,0,0
"306011","306115",2,0,0,0,0,0
"306011","306115",3,4,0,0,4,0
"306011","306115",4,1400,0,0,1400,0
"306011","306115",5,0,0,0,0,0
"306011","306115",6,0,0,0,0,0
"306011","306115",7,0,0,0,0,0
"306011","306115",8,1750,0,0,1750,0
"306011","306115",9,0,0,0,0,0
"306011","306115",10,0,0,0,0,0
"306011","306115",11,8,0,8,0,0
"306011","306115",12,81,0,0,81,0
"306011","306115",13,0,0,0,0,0
"306011","306115",14,3243,0,8,3235,0
"306021","306201",3,965,955,0,10,0
"306021","306201",4,1760,0,0,1760,0
"306021","306201",8,1400,0,0,1400,0
"306021","306201",11,8,0,8,0,0
"306021","306202",4,500,0,0,500,0
"306021","306202",8,200,0,0,200,0
"306021","306202",11,5,0,0,5,0
"306021","306202",14,705,0,0,705,0
"306021","306203",1,-9,0,-9,0,0
"306021","306203",3,172,0,2,170,0
"306021","306203",4,900,0,0,900,0
"306021","306203",8,600,0,0,600,0
"306021","306203",12,6,0,0,3,3
"306021","306203",14,2278,0,2,1673,603
"306021","306204",1,800,0,800,0,0
"306021","306204",3,40,0,10,30,0
"306021","306204",4,400,0,0,400,0
"306021","306204",8,400,0,0,400,0
"306021","306204",10,500,0,500,0,0
"306021","306204",11,120,0,120,0,0
"306021","306204",14,2260,0,1430,830,0
"306021","306205",1,2020,0,20,2000,0
"306021","306205",3,86,0,6,80,0
"306021","306205",4,203,0,0,203,0
"306021","306205",8,405,40,50,315,0
"306021","306205",11,320,0,320,0,0
"306021","306205",12,25,5,0,20,0
"306021","306206",1,-9,-9,8,24,0
"306021","306206",3,511,405,45,61,0
"306021","306206",4,800,0,0,800,0
"306021","306206",8,518,0,0,518,0
"306021","306206",11,126,0,61,65,0
"306021","306206",12,100,0,100,0,0
"306021","306206",13,12,0,12,0,0
"306021","306206",14,2099,405,226,1468,0
"306021","306207",3,800,800,0,0,0
"306021","306207",4,150,0,0,150,0
"306021","306207",8,50,0,0,50,0
"306021","306207",11,3,0,3,0,0
"306021","306207",14,1003,800,3,200,0
"306021","306208",1,4,0,0,4,0
"306021","306208",3,-9,-9,0,5,0
"306021","306208",4,972,0,0,972,0
"306021","306208",8,1458,0,0,1458,0
"306021","306208",11,5,0,0,5,0
"306021","306208",14,2444,0,0,2444,5
"306021","306209",3,124,120,0,4,0
"306021","306209",4,120,0,0,120,0
"306021","306209",8,100,0,0,100,0
"306021","306209",11,16,0,6,10,0
"306021","306210",3,-9,-9,0,256,0
"306021","306210",4,850,0,0,850,0
"306021","306210",8,1020,0,0,1020,0
"306021","306210",11,16,0,16,0,0
"306021","306210",12,5,0,5,0,0
"306021","306210",14,2147,0,21,2126,0
"306021","306211",1,4,0,4,0,0
"306021","306211",3,20,0,0,20,0
"306021","306211",4,220,0,0,220,0
"306021","306211",8,400,0,0,400,0
"306021","306211",11,4,0,4,0,0
"306021","306211",14,828,0,8,820,0
"306021","306212",3,750,750,0,0,0
"306021","306212",4,520,120,0,400,0
"306021","306212",8,170,0,0,170,0
"306021","306212",14,1440,870,0,570,0
"306021","306213",3,2065,2025,0,40,0
"306021","306213",4,1100,0,0,1100,0
"306021","306213",8,600,0,0,600,0
"306021","306213",11,6,0,6,0,0
"306021","306213",14,3771,2025,6,1740,0
"306021","306214",3,20,18,0,2,0
"306021","306214",4,500,0,0,500,0
"306021","306214",8,500,0,0,500,0
"306021","306214",11,6,0,0,6,0
"306021","306214",14,1026,18,0,1008,0
"306021","306215",3,125,0,0,125,0
"306021","306215",4,400,0,0,400,0
"306021","306215",8,100,0,0,100,0
"306021","306215",10,25,0,0,25,0
"306021","306215",11,20,0,0,20,0
"306021","306215",12,100,0,100,0,0
"306021","306215",14,770,0,100,670,0
"307011","307101",1,72,0,24,48,0
"307011","307101",3,15,0,1,14,0
"307011","307101",4,300,0,0,300,0
"307011","307101",5,5,0,0,5,0
"307011","307101",8,67,0,0,67,0
"307011","307101",9,9,0,0,9,0
"307011","307101",11,1,0,1,0,0
"307011","307101",12,10,10,0,0,0
"307011","307101",13,5,0,0,5,0
"307011","307101",14,484,10,26,448,0
"307011","307102",1,84,0,66,18,0
"307011","307102",3,30,0,0,30,0
"307011","307102",4,320,0,0,320,0
"307011","307102",8,63,0,0,63,0
"307011","307102",13,88,0,0,88,0
"307011","307102",14,585,0,66,519,0
"307011","307103",1,54.5,0,20,34.5,0
"307011","307103",3,91,0,0,91,0
"307011","307103",4,546,0,0,546,0
"307011","307103",8,173,0,0,173,0
"307011","307103",13,45.5,0,0,45.5,0
"307011","307103",14,910,0,20,890,0
"307011","307104",1,72,0,40,32,0
"307011","307104",3,8,0,0,8,0
"307011","307104",4,116,0,0,116,0
"307011","307104",5,16,0,0,16,0
"307011","307104",8,43,0,0,43,0
"307011","307104",13,19,0,0,19,0
"307011","307104",14,274,0,40,234,0
"307011","307105",1,11,0,8,3,0
"307011","307105",3,9,0,0,9,0
"307011","307105",4,54,0,0,54,0
"307011","307105",5,18,0,0,18,0
"307011","307105",8,24,0,0,24,0
"307011","307105",11,1,0,1,0,0
"307011","307105",12,1,1,0,0,0
"307011","307105",13,1,0,0,1,0
"307011","307105",14,119,1,9,109,0
"307011","307106",1,32,0,0,32,0
"307011","307106",4,156,0,0,156,0
"307011","307106",8,35,0,0,35,0
"307011","307106",9,29,0,0,29,0
"307011","307106",14,252,0,0,252,0
"307012","307107",1,37,0,17,20,0
"307012","307107",3,12,0,2,10,0
"307012","307107",4,180,0,0,180,0
"307012","307107",5,8,0,0,8,0
"307012","307107",8,125,0,0,125,0
"307012","307107",9,46,0,0,46,0
"307012","307107",11,2,0,2,0,0
"307012","307107",12,8,8,0,0,0
"307012","307107",14,418,8,21,389,0
"307012","307108",1,32,0,0,32,0
"307012","307108",4,110.5,0,0,110.5,0
"307012","307108",5,7.5,0,0,7.5,0
"307012","307108",8,80,0,0,80,0
"307012","307108",11,10,0,10,0,0
"307012","307108",12,10,10,0,0,0
"307012","307108",14,250,10,10,230,0
"307012","307109",1,60,0,0,60,0
"307012","307109",4,300,0,0,300,0
"307012","307109",5,12,0,0,12,0
"307012","307109",8,180,0,0,180,0
"307012","307109",9,50,0,0,50,0
"307012","307109",11,2,0,2,0,0
"307012","307109",14,604,0,2,602,0
"307012","307110",1,60,0,0,60,0
"307012","307110",4,63,0,0,63,0
"307012","307110",5,130,0,0,130,0
"307012","307110",8,84,0,0,84,0
"307012","307110",9,84,0,0,84,0
"307012","307110",14,421,0,0,421,0
"307012","307111",1,62,0,0,62,0
"307012","307111",4,82,0,0,82,0
"307012","307111",8,38,0,0,38,0
"307012","307111",11,0.5,0,0.5,0,0
"307012","307111",12,21,21,0,0,0
"307012","307111",13,1.5,0,0,1.5,0
"307012","307111",14,205,21,0.5,183.5,0
"307012","307112",1,8,0,0,8,0
"307012","307112",4,231,0,0,231,0
"307012","307112",8,84,0,0,84,0
"307012","307112",9,28,0,0,28,0
"307012","307112",11,3,0,3,0,0
"307012","307112",14,354,0,3,351,0
"307013","307113",1,53,0,33,20,0
"307013","307113",3,13,0,0,13,0
"307013","307113",4,228,0,0,228,0
"307013","307113",8,107,0,0,107,0
"307013","307113",11,2,0,2,0,0
"307013","307113",13,268,0,0,268,0
"307013","307113",14,671,0,35,636,0
"307013","307114",1,49,0,22,27,0
"307013","307114",3,4,1,0,3,0
"307013","307114",4,135,0,0,135,0
"307013","307114",8,81,0,0,81,0
"307013","307114",11,2,0,2,0,0
"307013","307114",14,271,1,24,246,0
"307013","307115",1,29,0,0,29,0
"307013","307115",3,17,0,0,17,0
"307013","307115",4,345,0,0,345,0
"307013","307115",5,34.5,0,0,34.5,0
"307013","307115",8,115,0,0,115,0
"307013","307115",11,11.5,0,11.5,0,0
"307013","307115",12,9,9,0,0,0
"307013","307115",13,14,0,0,14,0
"307013","307115",14,575,9,11.5,554.5,0
"307013","307116",1,42,0,7,35,0
"307013","307116",4,202,0,0,202,0
"307013","307116",5,21.5,0,0,21.5,0
"307013","307116",8,56,0,0,56,0
"307013","307116",9,64.5,0,0,64.5,0
"307013","307116",11,43,0,0,43,0
"307013","307116",12,1,1,0,0,0
"307013","307116",14,430,1,7,422,0
"307013","307117",4,88.6,0,0,88.6,0
"307013","307117",8,23.4,0,0,23.4,0
"307013","307117",9,6,0,0,6,0
"307013","307117",14,118,0,0,118,0
"307013","307118",4,184,0,0,184,0
"307013","307118",8,258,0,0,258,0
"307013","307118",9,79,0,0,79,0
"307013","307118",11,1,0,1,0,0
"307013","307118",12,3,3,0,0,0
"307013","307118",14,525,3,1,521,0
"308011","308101",1,500,0,500,0,0
"308011","308101",4,50,0,0,50,0
"308011","308102",1,600,0,600,0,0
"308011","308102",4,60,0,0,60,0
"308012","308103",1,12,0,12,0,0
"308012","308103",4,220,0,220,0,0
"308012","308103",8,30,0,30,0,0
"308012","308103",10,75,0,75,0,0
"308012","308103",11,20,0,20,0,0
"308012","308104",1,800,0,0,800,0
"308012","308104",4,1200,0,0,1200,0
"308012","308104",8,300,0,0,300,0
"308012","308104",11,100,0,0,100,0
"308012","308104",12,30,0,30,0,0
"309011","309101",2,940,940,0,0,0
"309011","309101",3,14,0,14,0,0
"309011","309101",4,2002,0,0,2002,0
"309011","309101",5,10,0,10,0,0
"309011","309101",10,10,0,10,0,0
"309011","309101",11,1000,0,0,1000,0
"309011","309101",13,1,0,1,0,0
"309011","309102",1,94,94,0,0,0
"309011","309102",2,2,0,2,0,0
"309011","309102",4,80,0,0,80,0
"309011","309102",5,0,0,0,0,0
"309011","309102",7,0,0,0,0,0
"309011","309102",9,10,10,0,0,0
"309011","309102",11,20,20,0,0,0
"309011","309102",12,0,0,0,0,0
"309011","309103",1,94,94,0,0,0
"309011","309103",3,3,0,3,0,0
"309011","309103",4,10000,0,0,10000,0
"309011","309103",5,30,0,30,0,0
"309011","309103",9,100,0,100,0,0
"309011","309103",10,20,0,20,0,0
"309011","309103",11,22,0,0,22,0
"309011","309103",12,30,0,0,30,0
"309011","309103",13,2,0,2,0,0
"309011","309104",1,1,1,0,0,0
"309011","309104",3,30,0,30,0,0
"309011","309104",4,860,0,0,860,0
"309011","309104",9,100,0,100,0,0
"309011","309104",10,17,17,0,0,0
"309011","309104",11,40,0,0,40,0
"309011","309104",13,1,0,1,0,0
"309011","309105",2,5000,5000,0,0,0
"309011","309105",3,3,0,3,0,0
"309011","309105",4,3000,0,0,3000,0
"309011","309105",9,130,0,0,130,0
"309011","309105",12,500,0,0,500,0
"309011","309106",2,2500,2500,0,0,0
"309011","309106",3,3,0,3,0,0
"309011","309106",4,20000,0,0,20000,0
"309011","309106",10,5,0,5,0,0
"309011","309106",12,3500,0,0,3500,0
"309011","309107",2,2500,2500,0,0,0
"309011","309107",3,18,0,18,0,0
"309011","309107",4,7000,0,0,7000,0
"309011","309107",8,1700,0,0,1700,0
"309011","309107",9,1250,0,1250,0,0
"309011","309107",10,10,0,10,0,0
"309011","309107",11,1000,0,0,1000,0
"309011","309107",12,750,0,0,750,0
"309011","309108",1,150,0,150,0,0
"309011","309108",2,120000,120000,0,0,0
"309011","309108",3,0.5,0,0.5,0,0
"309011","309108",4,60,0,0,60,0
"309011","309108",5,20,0,20,0,0
"309011","309108",10,3,0,0,3,0
"309011","309108",11,10,0,0,10,0
"309011","309108",12,20,0,20,0,0
"309011","309108",13,2,0,2,0,0
"309012","309109",1,40,0,40,0,0
"309012","309109",2,0,0,0,0,0
"309012","309109",3,1,0,1,0,0
"309012","309109",4,25000,0,25000,0,0
"309012","309109",5,0,0,0,0,0
"309012","309109",6,1200,0,0,1200,0
"309012","309109",7,0,0,0,0,0
"309012","309109",8,5000,0,0,5000,0
"309012","309109",9,0,0,0,0,0
"309012","309109",10,10,0,0,10,0
"309012","309109",11,15,0,15,0,0
"309012","309109",12,80,0,0,80,0
"309012","309109",13,2,0,2,0,0
"309012","309110",1,30,0,30,0,0
"309012","309110",3,1,0,1,0,0
"309012","309110",4,40000,0,40000,0,0
"309012","309110",6,1200,0,0,1200,0
"309012","309110",8,200,0,0,200,0
"309012","309110",10,50,0,50,0,0
"309012","309110",11,25,0,25,0,0
"309012","309110",12,75,0,0,75,0
"309012","309110",13,0.5,0,0.5,0,0
"309012","309111",1,40,0,40,0,0
"309012","309111",2,1000,1000,0,0,0
"309012","309111",3,1,0,1,0,0
"309012","309111",4,5000,0,5000,0,0
"309012","309111",6,100,0,0,100,0
"309012","309111",10,20,0,0,20,0
"309012","309111",11,20,0,20,0,0
"309012","309111",12,200,0,0,200,0
"309012","309112",2,40,40,0,0,0
"309012","309112",3,1,0,1,0,0
"309012","309112",4,20000,0,20000,0,0
"309012","309112",6,1000,0,0,1000,0
"309012","309112",8,100,0,0,100,0
"309012","309112",10,3,0,0,3,0
"309012","309112",11,5,0,5,0,0
"309012","309112",12,1000,0,1000,0,0
"309012","309112",13,4,0,4,0,0
"309012","309113",1,2000,0,2000,0,0
"309012","309113",2,2000,2000,0,0,0
"309012","309113",3,2,0,2,0,0
"309012","309113",4,2000,0,0,2000,0
"309012","309113",5,1000,0,1000,0,0
"309012","309113",8,1000,0,1000,0,0
"309012","309113",9,100,0,100,0,0
"309012","309113",10,100,0,100,0,0
"309012","309113",11,100,0,0,100,0
"309012","309113",12,50,0,0,50,0
"309012","309113",13,5,0,5,0,0
"309012","309114",1,600,0,600,0,0
"309012","309114",2,85000,85000,0,0,0
"309012","309114",3,7,0,0,7,0
"309012","309114",4,3500,0,0,3500,0
"309012","309114",8,1700,0,1700,0,0
"309012","309114",9,200,0,200,0,0
"309012","309114",10,400,0,400,0,0
"309012","309114",11,300,0,0,300,0
"309012","309114",12,40,40,0,0,0
"309012","309114",13,3,0,0,3,0
"309012","309115",1,10,0,10,0,0
"309012","309115",2,125000,125000,0,0,0
"309012","309115",3,1,0,1,0,0
"309012","309115",4,200,0,0,200,0
"309012","309115",9,100,0,100,0,0
"309012","309115",11,40,0,0,40,0
"309012","309115",12,15,0,0,15,0
"309012","309115",13,0.5,0,0,0.5,0
"309012","309116",2,7000,7000,0,0,0
"309012","309116",3,40,0,40,0,0
"309012","309116",4,5000,0,0,5000,0
"309012","309116",9,20,0,20,0,0
"309012","309116",10,5,0,5,0,0
"309012","309116",11,20,0,20,0,0
"309012","309116",12,150,0,0,150,0
"309012","309116",13,1,0,1,0,0
"309011","309117",2,2500,2500,0,0,0
"309011","309117",4,10000,0,0,10000,0
"309011","309117",9,250,0,250,0,0
"309011","309117",10,30,0,30,0,0
"309011","309117",11,5,0,0,5,0
"309011","309117",12,20,0,20,0,0
"309011","309117",13,0.13,0,0.13,0,0
"309021","309201",3,3,0,2,1,0
"309021","309201",6,100,100,0,0,0
"309021","309201",12,20,20,0,0,0
"309021","309202",3,4,0,3,1,0
"309021","309202",6,275,275,0,0,0
"309021","309202",12,30,30,0,0,0
"309021","309203",3,4,0,4,0,0
"309021","309203",6,850,850,0,0,0
"309021","309203",12,200,200,0,0,0
"309021","309204",3,2,0,2,0,0
"309021","309204",6,60,60,0,0,0
"309021","309204",12,15,15,0,0,0
"309021","309205",3,6,0,1.5,4.5,0
"309021","309205",6,100,100,0,0,0
"309021","309205",12,40,40,0,0,0
"309021","309206",3,4,0,2,2,0
"309021","309206",6,147,147,0,0,0
"309021","309206",12,5,5,0,0,0
"309021","309207",3,2.5,0,2.5,0,0
"309021","309207",6,800,800,0,0,0
"309021","309207",12,100,100,0,0,0
"309021","309208",3,1,0,0.5,0.5,0
"309021","309208",6,300,300,0,0,0
"309021","309208",12,30,30,0,0,0
"309021","309209",3,42,0,1,41,0
"309021","309209",6,800,800,0,0,0
"309021","309209",12,25,25,0,0,0
"310011","310101",4,938,0,938,0,0
"310011","310101",11,10.8,0,10.8,0,0
"310011","310102",4,-9,0,-9,0,-9
"310011","310102",11,-9,0,-9,0,0
"310011","310103",1,14,0,14,0,0
"310011","310103",4,294,0,294,0,0
"310011","310103",11,7.03,0,7.03,0,0
"310012","310104",1,10,0,10,0,0
"310012","310104",4,406,0,406,0,0
"310012","310104",11,1.8,0,1.8,0,0
"310012","310105",4,105,0,0,0,105
"311011","311101",1,1200,0,1200,0,0
"311011","311101",2,600,600,0,0,0
"311011","311101",4,700,0,0,700,0
"311011","311101",11,100,0,0,0,100
"311011","311102",1,800,0,800,0,0
"311011","311102",2,400,400,0,0,0
"311011","311102",4,600,0,0,600,0
"311011","311102",11,800,0,0,0,800
"311012","311103",1,350,0,350,0,0
"311012","311103",2,500,500,0,0,0
"311012","311103",4,650,0,0,650,0
"311012","311103",11,180,0,0,0,180
"311012","311104",1,600,0,600,0,0
"311012","311104",2,180,180,0,0,0
"311012","311104",4,400,0,0,400,0
"311012","311104",11,100,0,0,0,100
