"siteid","gvillcode","fi_cat","fi_mip","fi_for","fi_tenu","fi_crules","fi_cenfor","fi_grules","fi_genfor","fi_reqperm","fi_payperm","fi_whoperm"
"101011","101101",1,3,11,131,0,-8,0,-8,0,-8,-8
"101011","101101",3,21,11,331,0,-8,0,-8,0,-8,-8
"101011","101101",4,27,11,331,0,-8,0,-8,0,-8,-8
"101011","101101",2,1,12,331,0,-8,0,-8,0,-8,-8
"101011","101102",2,1,12,331,2,4,2,1,2,1,3
"101011","101102",1,3,12,331,0,-8,2,0,2,1,3
"101011","101102",4,27,11,331,0,-8,0,-8,0,-8,-8
"101011","101102",3,26,12,131,2,4,0,-8,0,-8,-8
"101011","101103",1,3,12,131,0,-8,0,-8,0,-8,-8
"101011","101103",3,26,12,131,0,-8,0,-8,0,-8,-8
"101011","101103",4,27,12,331,0,-8,0,-8,0,-8,-8
"101011","101103",2,1,11,331,0,-8,2,1,2,1,3
"101011","101104",1,3,12,131,0,-8,1,0,1,1,3
"101011","101104",2,1,11,332,0,-8,1,0,1,1,3
"101011","101104",4,27,11,332,0,-8,0,-8,0,-8,-8
"101011","101104",3,26,12,131,0,-8,0,-8,0,-8,-8
"101011","101104",5,21,12,131,0,-8,0,-8,0,-8,-8
"101011","101105",4,27,11,132,0,-8,0,-8,0,-8,-8
"101011","101105",2,1,11,132,0,-8,1,0,0,-8,-8
"101011","101105",1,3,11,132,0,-8,1,0,0,-8,-8
"101011","101105",3,22,11,132,0,-8,0,-8,0,-8,-8
"101011","101105",5,22,11,132,0,-8,0,-8,0,-8,-8
"101011","101106",4,27,11,332,0,-8,0,-8,0,-8,-8
"101011","101106",1,3,12,332,0,-8,1,0,0,-8,-8
"101011","101106",2,1,12,332,0,-8,1,0,1,1,3
"101011","101106",5,10,11,332,0,-8,0,-8,0,-8,-8
"101011","101106",3,26,12,332,2,4,0,-8,0,-8,-8
"101011","101107",2,1,12,332,2,0,1,2,1,1,3
"101011","101107",3,26,12,332,1,4,0,-8,0,-8,-8
"101011","101107",1,3,12,332,0,-8,1,0,1,1,3
"101011","101107",5,10,11,332,0,-8,0,-8,0,-8,-8
"101011","101107",4,27,11,332,0,-8,0,-8,0,-8,-8
"102011","102101",1,3,10,121,1,9,0,-8,0,-8,-8
"102011","102101",3,21,10,121,1,9,0,-8,0,-8,-8
"102011","102101",4,27,10,121,1,9,0,-8,0,-8,-8
"102011","102101",5,33,10,121,1,9,0,-8,0,-8,-8
"102011","102101",2,1,20,121,2,4,2,4,2,1,4
"102011","102102",1,3,10,261,0,-8,0,-8,0,-8,-8
"102011","102102",2,1,20,361,2,1,2,1,2,1,4
"102011","102102",4,27,10,261,0,-8,0,-8,0,-8,-8
"102011","102103",1,3,10,231,1,2,1,1,0,-8,-8
"102011","102103",4,27,10,261,1,2,0,-8,0,-8,-8
"102011","102103",5,33,10,231,1,2,0,-8,0,-8,-8
"102011","102103",3,51,10,261,1,2,0,-8,0,-8,-8
"102011","102104",2,1,10,361,2,1,1,1,1,0,4
"102011","102104",4,27,10,361,0,-8,0,-8,0,-8,-8
"102011","102104",1,3,10,361,0,-8,0,-8,0,-8,-8
"102011","102104",3,21,10,361,0,-8,1,1,0,-8,-8
"102011","102105",3,51,20,261,2,4,0,-8,0,-8,-8
"102011","102105",1,3,10,261,2,4,0,-8,0,-8,-8
"102011","102106",2,1,10,261,1,1,2,1,0,-8,-8
"102011","102106",1,3,10,261,0,-8,0,-8,0,-8,-8
"102021","102201",2,2,11,162,0,-8,1,0,0,-8,-8
"102021","102201",5,21,11,162,0,-8,0,-8,0,-8,-8
"102021","102201",6,45,11,121,1,1,1,0,0,-8,-8
"102021","102201",3,561,11,162,0,-8,0,-8,0,-8,-8
"102021","102201",4,571,11,162,0,-8,0,-8,0,-8,-8
"102021","102201",1,3,80,162,0,-8,0,-8,0,-8,-8
"102021","102202",2,2,111,163,0,-8,1,0,0,-8,-8
"102021","102202",5,21,11,163,0,-8,0,-8,0,-8,-8
"102021","102202",4,751,111,163,0,-8,0,-8,0,-8,-8
"102021","102202",3,605,11,163,0,-8,0,-8,0,-8,-8
"102021","102202",6,45,11,162,1,0,1,0,0,-8,-8
"102021","102202",1,3,80,163,0,-8,0,-8,0,-8,-8
"102021","102202",3,561,112,163,0,-8,0,-8,0,-8,-8
"102021","102203",3,604,10,162,0,-8,0,-8,0,-8,-8
"102021","102203",3,561,111,162,0,-8,0,-8,0,-8,-8
"102021","102203",4,568,10,162,0,-8,0,-8,0,-8,-8
"102021","102203",6,45,10,121,1,1,1,0,0,-8,-8
"102021","102203",2,901,10,162,0,-8,1,0,0,-8,-8
"102021","102203",5,21,10,162,0,-8,0,-8,0,-8,-8
"102021","102203",1,3,10,162,0,-8,0,-8,0,-8,-8
"102021","102204",3,604,10,163,0,-8,1,0,0,-8,-8
"102021","102204",2,720,10,163,0,-8,1,0,0,-8,-8
"102021","102204",1,3,80,163,0,-8,0,-8,0,-8,-8
"102021","102204",5,21,10,163,0,-8,0,-8,0,-8,-8
"102021","102204",3,558,112,163,0,-8,0,-8,0,-8,-8
"102021","102204",4,569,10,163,0,-8,0,-8,0,-8,-8
"102021","102204",6,45,10,163,1,1,1,1,0,-8,-8
"102021","102205",5,511,111,162,0,-8,0,-8,0,-8,-8
"102021","102205",3,605,10,162,2,0,2,0,0,-8,-8
"102021","102205",6,45,10,162,1,0,1,0,0,-8,-8
"102021","102205",4,588,10,162,0,-8,0,-8,0,-8,-8
"102021","102205",1,3,80,162,0,-8,0,-8,0,-8,-8
"102021","102205",3,561,10,162,2,1,0,-8,0,-8,-8
"102021","102205",2,417,10,162,2,0,1,0,0,-8,-8
"102021","102205",4,771,111,162,0,-8,0,-8,0,-8,-8
"102021","102206",4,588,80,162,0,-8,0,-8,0,-8,-8
"102021","102206",3,617,10,162,0,-8,0,-8,0,-8,-8
"102021","102206",2,665,10,162,2,1,1,0,0,-8,-8
"102021","102206",5,21,10,162,0,-8,0,-8,0,-8,-8
"102021","102206",1,3,10,162,0,-8,0,-8,0,-8,-8
"102021","102206",3,558,10,162,0,-8,0,-8,0,-8,-8
"102021","102206",6,45,10,162,1,1,1,0,0,-8,-8
"102021","102207",3,605,80,163,0,-8,0,-8,0,-8,-8
"102021","102207",2,417,10,163,0,-8,1,0,0,-8,-8
"102021","102207",5,561,111,163,0,-8,0,-8,0,-8,-8
"102021","102207",6,45,10,163,1,1,1,0,0,-8,-8
"102021","102207",4,588,80,163,0,-8,0,-8,0,-8,-8
"102021","102207",1,3,10,163,0,-8,0,-8,0,-8,-8
"102021","102207",3,558,10,163,0,-8,0,-8,0,-8,-8
"102021","102208",6,45,10,162,1,1,1,0,0,-8,-8
"102021","102208",3,604,10,162,0,-8,1,0,0,-8,-8
"102021","102208",5,21,10,162,0,-8,0,-8,0,-8,-8
"102021","102208",1,3,80,162,0,-8,0,-8,0,-8,-8
"102021","102208",4,569,10,162,0,-8,0,-8,0,-8,-8
"102031","102301",2,1,11,161,0,-8,2,3,2,1,3
"102031","102302",6,45,11,161,2,2,1,1,0,-8,-8
"102031","102302",2,1,11,161,0,-8,1,3,1,1,3
"102031","102303",2,1,11,161,0,-8,2,3,2,1,3
"102031","102304",6,45,11,161,2,2,1,1,0,-8,-8
"102031","102304",2,1,11,161,0,-8,2,3,2,1,3
"102031","102305",2,1,11,161,0,-8,1,3,2,1,3
"102031","102305",6,45,11,161,2,2,1,1,0,-8,-8
"102031","102306",2,1,11,161,0,-8,1,3,2,1,3
"102031","102306",6,45,11,161,2,2,1,1,0,-8,-8
"102031","102307",6,45,11,161,1,1,1,1,0,-8,-8
"102031","102307",2,1,11,161,0,-8,1,3,1,1,3
"103011","103101",2,1,11,331,0,-8,1,3,2,1,3
"103011","103101",1,3,11,331,0,-8,0,-8,0,-8,-8
"103011","103102",2,1,11,331,0,-8,1,2,2,1,3
"103011","103102",1,3,11,331,0,-8,0,-8,0,-8,-8
"103011","103103",1,3,11,331,0,-8,0,-8,0,-8,-8
"103011","103103",2,1,11,331,0,-8,1,3,2,1,3
"103011","103104",2,1,11,331,0,-8,1,3,2,1,3
"103011","103104",1,3,11,331,0,-8,0,-8,0,-8,-8
"103011","103105",1,3,11,331,0,-8,0,-8,0,-8,-8
"103011","103105",2,1,11,331,0,-8,1,2,2,1,3
"103011","103106",2,1,11,331,0,-8,1,3,2,1,3
"103011","103106",1,3,11,331,0,-8,0,-8,0,-8,-8
"103011","103107",1,3,11,331,0,-8,0,-8,0,-8,-8
"103011","103107",2,1,11,331,0,-8,1,3,2,1,3
"103011","103108",2,1,11,331,0,-8,1,2,2,1,3
"103011","103108",1,3,11,331,0,-8,0,-8,0,-8,-8
"103011","103109",2,1,11,331,0,-8,1,2,2,1,3
"103011","103109",1,3,11,331,0,-8,0,-8,0,-8,-8
"103011","103110",1,3,11,331,0,-8,0,-8,0,-8,-8
"103011","103110",2,1,11,331,0,-8,1,3,2,1,3
"103011","103111",1,3,11,331,0,-8,0,-8,0,-8,-8
"103011","103111",2,1,11,331,0,-8,1,3,2,1,3
"103011","103112",2,1,11,331,0,-8,1,3,2,1,3
"103011","103112",1,3,11,331,0,-8,0,-8,0,-8,-8
"103011","103112",6,45,11,132,0,-8,1,3,2,1,3
"103011","103113",6,45,11,132,0,-8,1,3,2,1,3
"103011","103113",2,1,11,331,0,-8,1,3,2,1,3
"103011","103113",1,3,11,331,0,-8,0,-8,0,-8,-8
"103011","103114",6,45,11,132,0,-8,1,2,2,1,3
"103011","103114",2,1,11,331,0,-8,1,3,2,1,3
"103011","103114",1,3,11,331,0,-8,0,-8,0,-8,-8
"104021","104201",1,3,10,332,0,-8,0,-8,0,-8,-8
"104021","104201",2,772,10,332,0,-8,0,-8,0,-8,-8
"104021","104201",4,771,10,332,0,-8,0,-8,0,-8,-8
"104021","104201",3,44,10,332,0,-8,0,-8,0,-8,-8
"104021","104202",3,408,10,332,0,-8,0,-8,0,-8,-8
"104021","104202",4,27,10,332,0,-8,0,-8,0,-8,-8
"104021","104202",1,1,10,332,0,-8,0,-8,0,-8,-8
"104021","104202",2,772,10,332,0,-8,0,-8,0,-8,-8
"104021","104206",3,789,10,232,0,-8,0,-8,0,-8,-8
"104021","104206",1,3,10,232,0,-8,0,-8,0,-8,-8
"104021","104206",4,27,10,232,0,-8,0,-8,0,-8,-8
"104021","104206",2,1,10,232,0,-8,0,-8,0,-8,-8
"104021","104207",1,3,10,232,0,-8,0,-8,0,-8,-8
"104021","104207",2,773,10,232,0,-8,1,0,0,-8,-8
"104021","104207",3,573,10,232,0,-8,0,-8,0,-8,-8
"104021","104207",4,768,10,232,0,-8,0,-8,0,-8,-8
"104021","104208",2,772,20,122,0,-8,0,-8,0,-8,-8
"104021","104208",1,3,20,122,0,-8,0,-8,0,-8,-8
"104021","104208",4,588,10,122,0,-8,0,-8,0,-8,-8
"104021","104208",3,556,10,122,0,-8,0,-8,0,-8,-8
"104021","104209",2,773,10,222,0,-8,0,-8,0,-8,-8
"104021","104209",3,573,10,232,0,-8,0,-8,0,-8,-8
"104021","104209",1,3,10,232,0,-8,0,-8,0,-8,-8
"104021","104209",4,771,10,232,0,-8,0,-8,0,-8,-8
"104021","104210",3,44,10,232,0,-8,0,-8,0,-8,-8
"104021","104210",1,3,10,232,0,-8,1,0,0,-8,-8
"104021","104210",4,588,10,232,0,-8,0,-8,0,-8,-8
"104021","104210",2,785,10,232,2,1,0,-8,1,0,1
"104021","104211",4,788,10,232,0,-8,0,-8,0,-8,-8
"104021","104211",2,772,10,232,0,-8,0,-8,0,-8,-8
"104021","104211",3,605,10,232,0,-8,0,-8,0,-8,-8
"104021","104211",1,3,10,232,0,-8,0,-8,0,-8,-8
"104021","104212",2,772,10,232,0,-8,0,-8,1,0,3
"104021","104212",6,7,10,232,0,-8,0,-8,0,-8,-8
"104021","104212",1,3,10,232,0,-8,0,-8,0,-8,-8
"104021","104212",3,21,10,232,0,-8,0,-8,0,-8,-8
"104021","104212",4,27,10,232,0,-8,0,-8,0,-8,-8
"104021","104213",1,3,10,232,0,-8,0,-8,0,-8,-8
"104021","104213",2,781,10,232,1,1,1,3,2,1,3
"104021","104214",2,586,10,122,2,3,1,3,2,0,9
"104021","104214",1,3,10,122,0,-8,0,-8,0,-8,-8
"104021","104215",3,21,21,232,0,-8,0,-8,0,-8,-8
"104021","104215",2,773,21,232,0,-8,0,-8,0,-8,-8
"104021","104215",1,3,21,232,0,-8,0,-8,0,-8,-8
"104021","104215",4,771,21,232,0,-8,0,-8,0,-8,-8
"104021","104217",2,773,20,332,0,-8,0,-8,0,-8,-8
"104021","104217",1,3,20,332,0,-8,0,-8,0,-8,-8
"104021","104217",3,783,20,332,0,-8,0,-8,0,-8,-8
"104021","104217",4,27,20,332,0,-8,0,-8,0,-8,-8
"104021","104217",6,605,20,332,0,-8,0,-8,0,-8,-8
"104021","104218",3,573,10,332,0,-8,0,-8,0,-8,-8
"104021","104218",4,788,10,332,0,-8,0,-8,0,-8,-8
"104021","104218",1,3,10,332,0,-8,0,-8,0,-8,-8
"104021","104218",2,789,10,332,0,-8,0,-8,0,-8,-8
"104021","104219",2,1,10,332,1,3,0,-8,0,-8,-8
"104021","104220",1,3,10,332,0,-8,0,-8,0,-8,-8
"104021","104220",2,773,10,332,0,-8,0,-8,0,-8,-8
"104021","104220",3,44,10,332,0,-8,0,-8,0,-8,-8
"104021","104220",4,27,10,332,0,-8,0,-8,0,-8,-8
"104021","104221",3,573,10,332,0,-8,0,-8,0,-8,-8
"104021","104221",4,771,10,332,0,-8,0,-8,0,-8,-8
"104021","104221",1,776,10,332,0,-8,0,-8,0,-8,-8
"104021","104221",2,773,10,332,0,-8,1,2,2,1,3
"104021","104222",2,1,10,232,0,-8,0,-8,0,-8,-8
"104021","104223",1,2,10,232,0,-8,0,-8,0,-8,-8
"104021","104223",2,746,10,232,2,4,2,4,2,1,9
"104021","104224",4,787,10,222,0,-8,0,-8,0,-8,-8
"104021","104224",5,21,10,222,0,-8,0,-8,0,-8,-8
"104021","104224",1,3,10,222,0,-8,0,-8,0,-8,-8
"104021","104224",3,51,10,222,0,-8,0,-8,0,-8,-8
"104021","104224",2,773,10,222,0,-8,0,-8,0,-8,-8
"104021","104225",1,3,10,132,0,-8,0,-8,0,-8,-8
"104021","104225",3,605,10,132,0,-8,0,-8,0,-8,-8
"104021","104225",2,507,10,132,0,-8,0,-8,0,-8,-8
"104021","104226",2,1,10,232,2,4,0,-8,1,0,9
"104021","104227",1,3,10,232,0,-8,0,-8,0,-8,-8
"104021","104227",2,1,10,232,2,1,1,0,2,1,2
"104021","104228",3,21,10,332,0,-8,0,-8,0,-8,-8
"104021","104228",2,1,10,332,0,-8,0,-8,0,-8,-8
"104021","104228",5,777,10,332,0,-8,0,-8,0,-8,-8
"104021","104228",4,27,10,332,0,-8,0,-8,0,-8,-8
"104021","104230",1,3,10,232,1,4,0,-8,0,-8,-8
"104021","104230",3,605,10,232,1,4,0,-8,0,-8,-8
"104021","104230",2,773,10,232,1,4,0,-8,0,-8,-8
"104021","104230",4,771,10,232,0,-8,0,-8,0,-8,-8
"104021","104231",2,773,10,232,1,1,0,-8,2,1,1
"104021","104231",1,3,20,232,0,-8,0,-8,0,-8,-8
"104021","104231",4,27,10,232,0,-8,0,-8,0,-8,-8
"104021","104231",3,605,10,232,0,-8,0,-8,0,-8,-8
"104021","104232",4,771,10,332,0,-8,1,0,0,-8,-8
"104021","104232",2,773,10,332,0,-8,1,0,2,1,3
"105011","105101",5,33,10,221,1,1,0,-8,0,-8,-8
"105011","105101",1,3,10,221,1,1,1,1,1,0,3
"105011","105102",1,3,30,331,0,-8,2,2,2,1,3
"105011","105103",1,3,30,331,0,-8,2,4,2,1,3
"105011","105104",1,3,30,121,0,-8,2,3,2,1,3
"105011","105105",1,3,10,121,0,-8,1,1,2,1,3
"105011","105105",2,3,10,121,0,-8,1,1,2,1,3
"105011","105106",1,3,10,121,0,-8,1,1,1,1,3
"105011","105106",2,3,10,121,0,-8,1,1,1,1,3
"105011","105107",1,3,10,121,0,-8,1,1,2,1,3
"105011","105107",2,3,10,121,0,-8,1,1,2,1,3
"105011","105108",1,3,10,121,0,-8,1,1,2,1,3
"105011","105109",1,3,10,121,0,-8,1,1,2,1,3
"105011","105109",2,3,10,121,0,-8,1,1,2,1,3
"105011","105110",1,3,10,121,0,-8,1,1,2,1,3
"105011","105110",2,3,10,121,0,-8,1,1,2,1,3
"105011","105111",2,1,10,121,0,-8,1,1,2,1,3
"105011","105111",1,3,20,121,0,-8,1,1,2,1,3
"105011","105112",1,3,10,121,0,-8,1,1,2,1,3
"106011","106101",1,3,21,331,0,-8,1,0,0,-8,-8
"106011","106101",6,7,10,131,0,-8,0,-8,0,-8,-8
"106011","106101",2,996,21,331,0,-8,1,0,1,0,3
"106011","106101",5,511,211,331,0,-8,0,-8,0,-8,-8
"106011","106101",4,175,10,331,0,-8,0,-8,0,-8,-8
"106011","106101",3,510,211,131,0,-8,1,0,0,-8,-8
"106011","106102",5,511,10,131,0,-8,0,-8,0,-8,-8
"106011","106102",1,3,211,131,0,-8,1,0,0,-8,-8
"106011","106102",2,742,211,131,0,-8,1,0,1,0,3
"106011","106102",4,175,10,131,0,-8,0,-8,0,-8,-8
"106011","106102",3,510,211,131,0,-8,1,0,0,-8,-8
"106011","106102",6,7,10,131,0,-8,0,-8,0,-8,-8
"106011","106103",4,571,10,131,0,-8,0,-8,0,-8,-8
"106011","106103",3,510,211,131,0,-8,1,0,0,-8,-8
"106011","106103",2,966,211,131,0,-8,1,0,1,0,3
"106011","106103",5,755,10,131,0,-8,0,-8,0,-8,-8
"106011","106103",6,511,211,131,0,-8,0,-8,0,-8,-8
"106011","106103",1,102,21,131,0,-8,1,0,0,-8,-8
"106011","106104",1,102,111,131,0,-8,1,0,0,-8,-8
"106011","106104",6,887,10,131,0,-8,0,-8,0,-8,-8
"106011","106104",4,175,10,131,0,-8,0,-8,0,-8,-8
"106011","106104",5,511,10,131,0,-8,0,-8,0,-8,-8
"106011","106104",3,510,211,131,0,-8,0,-8,0,-8,-8
"106011","106104",2,999,111,131,0,-8,2,0,1,0,3
"106031","106301",1,3,10,161,1,1,0,-8,0,-8,-8
"106031","106301",4,680,10,161,0,-8,0,-8,0,-8,-8
"106031","106301",3,603,10,161,1,1,2,0,0,-8,-8
"106031","106301",3,45,10,161,2,1,2,1,0,-8,-8
"106031","106301",5,21,10,161,0,-8,0,-8,0,-8,-8
"106031","106301",2,651,10,161,2,1,2,1,0,-8,-8
"106031","106302",3,510,10,161,1,1,0,-8,0,-8,-8
"106031","106302",3,603,10,161,1,1,2,1,0,-8,-8
"106031","106302",6,45,10,161,2,1,2,1,0,-8,-8
"106031","106302",5,741,10,161,1,1,0,-8,0,-8,-8
"106031","106302",4,588,10,161,0,-8,0,-8,0,-8,-8
"106031","106302",1,3,80,161,1,1,0,-8,0,-8,-8
"106031","106302",2,692,10,161,2,1,2,1,0,-8,-8
"106031","106303",5,21,10,161,0,-8,0,-8,0,-8,-8
"106031","106303",2,663,10,161,2,1,2,1,0,-8,-8
"106031","106303",1,3,80,161,1,1,0,-8,0,-8,-8
"106031","106303",3,604,10,161,1,1,2,1,0,-8,-8
"106031","106303",4,680,10,161,0,-8,0,-8,0,-8,-8
"106031","106303",3,553,10,161,1,1,0,-8,0,-8,-8
"106031","106303",6,45,10,161,2,1,2,1,0,-8,-8
"106031","106304",5,21,80,161,0,-8,0,-8,0,-8,-8
"106031","106304",3,510,10,161,1,1,2,1,0,-8,-8
"106031","106304",2,651,10,161,2,1,2,1,0,-8,-8
"106031","106304",3,603,10,161,1,1,2,1,0,-8,-8
"106031","106304",4,741,10,161,1,1,0,-8,0,-8,-8
"106031","106304",1,3,10,161,1,1,0,-8,0,-8,-8
"106031","106304",6,45,10,161,2,1,2,1,0,-8,-8
"106041","106401",-9,-9,-9,331,-9,-9,-9,-9,-9,-9,-9
"106041","106402",-9,-9,-9,331,-9,-9,-9,-9,-9,-9,-9
"106041","106403",-9,-9,-9,331,-9,-9,-9,-9,-9,-9,-9
"106041","106404",-9,-9,-9,331,-9,-9,-9,-9,-9,-9,-9
"106041","106405",-9,-9,-9,331,-9,-9,-9,-9,-9,-9,-9
"106041","106406",-9,-9,-9,331,-9,-9,-9,-9,-9,-9,-9
"106041","106407",-9,-9,-9,-9,-9,-9,-9,-9,-9,-9,-9
"106041","106408",-9,-9,-9,331,-9,-9,-9,-9,-9,-9,-9
"106041","106409",-9,-9,-9,331,-9,-9,-9,-9,-9,-9,-9
"106041","106410",-9,-9,-9,331,-9,-9,-9,-9,-9,-9,-9
"201011","201101",2,2,20,122,1,1,1,1,1,0,2
"201011","201101",3,25,10,162,1,1,1,1,1,0,2
"201011","201101",1,3,10,162,1,1,1,1,0,-8,-8
"201011","201101",4,27,10,162,1,1,1,1,1,0,2
"201011","201101",6,9,10,162,1,1,1,1,0,-8,-8
"201011","201101",5,421,10,162,1,1,1,1,0,-8,-8
"201011","201102",5,421,10,162,1,1,1,1,0,-8,-8
"201011","201102",1,3,10,162,1,1,1,1,0,-8,-8
"201011","201102",6,9,10,162,1,1,1,1,0,-8,-8
"201011","201102",2,2,20,122,1,1,1,1,1,0,2
"201011","201102",3,25,10,162,1,1,1,1,1,0,2
"201011","201102",4,27,10,162,1,1,1,1,1,0,2
"201011","201103",6,9,10,162,1,1,1,1,0,-8,-8
"201011","201103",4,27,10,162,1,1,1,1,1,0,2
"201011","201103",2,2,30,332,1,1,1,1,0,-8,-8
"201011","201103",3,25,10,162,1,1,1,1,0,-8,-8
"201011","201103",5,421,10,162,1,1,1,1,0,-8,-8
"201011","201103",1,3,10,162,1,1,1,1,1,0,2
"201011","201104",5,421,10,162,1,1,1,1,0,-8,-8
"201011","201104",6,9,10,162,1,1,1,1,0,-8,-8
"201011","201104",4,27,10,162,1,1,1,1,1,0,2
"201011","201104",1,3,10,162,1,1,1,1,0,-8,-8
"201011","201104",3,25,10,162,1,1,1,1,0,-8,-8
"201011","201104",2,2,30,332,1,1,1,1,0,-8,-8
"201011","201105",6,9,10,162,1,1,1,1,0,-8,-8
"201011","201105",4,27,10,162,1,1,1,1,1,0,2
"201011","201105",2,2,20,122,1,1,1,1,1,0,2
"201011","201105",5,421,10,162,1,1,1,1,0,-8,-8
"201011","201105",3,25,10,162,1,1,1,1,1,0,2
"201011","201105",1,3,10,162,1,1,1,1,0,-8,-8
"201011","201106",1,3,10,162,1,1,1,1,0,-8,-8
"201011","201106",4,27,10,162,1,1,1,1,1,0,2
"201011","201106",3,25,10,162,1,1,1,1,0,-8,-8
"201011","201106",5,421,10,162,1,1,1,1,0,-8,-8
"201011","201106",6,9,10,162,1,1,1,1,0,-8,-8
"201011","201106",2,2,30,332,1,1,1,1,0,-8,-8
"201011","201107",5,421,10,162,1,1,1,1,0,-8,-8
"201011","201107",2,2,30,332,1,1,1,1,0,-8,-8
"201011","201107",4,27,10,162,1,1,1,1,1,0,2
"201011","201107",1,3,10,162,1,1,1,1,0,-8,-8
"201011","201107",6,9,10,162,1,1,1,1,0,-8,-8
"201011","201107",3,25,10,162,1,1,1,1,0,-8,-8
"201021","201201",1,3,10,121,0,-8,1,0,0,-8,-8
"201021","201201",3,21,10,121,0,-8,0,-8,0,-8,-8
"201021","201201",2,1,20,121,0,-8,2,4,2,0,3
"201021","201202",3,21,10,121,0,-8,0,-8,0,-8,-8
"201021","201202",1,3,10,121,0,-8,1,0,0,-8,-8
"201021","201202",2,1,10,121,0,-8,2,4,2,0,3
"201032","201301",4,27,30,362,0,-8,0,-8,0,-8,-8
"201032","201301",5,5,30,362,0,-8,0,-8,0,-8,-8
"201032","201301",2,907,30,362,2,1,1,1,1,1,3
"201032","201301",6,9,30,362,0,-8,0,-8,0,-8,-8
"201032","201301",1,3,30,362,0,-8,0,-8,0,-8,-8
"201032","201301",3,574,30,362,0,-8,0,-8,0,-8,-8
"201032","201302",5,33,30,362,0,-8,0,-8,0,-8,-8
"201032","201302",1,3,30,362,0,-8,0,-8,0,-8,-8
"201032","201302",3,25,30,362,0,-8,0,-8,0,-8,-8
"201032","201302",4,855,30,362,0,-8,0,-8,0,-8,-8
"201032","201302",6,9,30,362,0,-8,0,-8,0,-8,-8
"201032","201302",2,910,30,362,0,-8,1,0,1,0,3
"201032","201303",6,916,21,362,0,-8,0,-8,0,-8,-8
"201032","201303",2,909,21,362,0,-8,1,0,1,1,3
"201032","201303",1,913,21,362,0,-8,0,-8,0,-8,-8
"201032","201303",4,27,21,362,0,-8,0,-8,0,-8,-8
"201032","201303",5,33,21,362,0,-8,0,-8,0,-8,-8
"201032","201303",3,574,21,362,0,-8,0,-8,0,-8,-8
"201032","201304",4,27,31,362,0,-8,0,-8,0,-8,-8
"201032","201304",6,9,31,362,0,-8,0,-8,0,-8,-8
"201032","201304",2,911,31,362,0,-8,1,1,1,1,3
"201032","201304",5,33,31,362,0,-8,0,-8,0,-8,-8
"201032","201304",3,574,31,362,0,-8,0,-8,0,-8,-8
"201032","201304",1,3,31,362,0,-8,0,-8,0,-8,-8
"201032","201305",5,5,11,112,0,-8,1,0,0,-8,-8
"201032","201305",2,910,11,112,1,0,2,2,1,1,3
"201032","201305",1,3,31,362,1,1,1,0,0,-8,-8
"201032","201305",6,9,11,112,0,-8,2,0,1,1,3
"201032","201305",3,25,11,112,1,0,1,0,0,-8,-8
"201032","201305",4,27,11,112,0,-8,1,0,0,-8,-8
"201032","201306",3,574,31,362,1,0,1,0,0,-8,-8
"201032","201306",5,5,31,362,0,-8,0,-8,0,-8,-8
"201032","201306",6,9,21,112,1,0,2,0,0,-8,-8
"201032","201306",4,27,31,362,1,0,0,-8,0,-8,-8
"201032","201306",2,907,31,362,1,0,2,0,1,1,3
"201032","201306",1,912,21,112,0,-8,1,0,0,-8,-8
"201032","201307",4,27,31,362,0,-8,0,-8,0,-8,-8
"201032","201307",5,5,31,362,0,-8,0,-8,0,-8,-8
"201032","201307",2,907,31,362,1,0,2,1,2,1,3
"201032","201307",3,574,31,362,1,0,0,-8,0,-8,-8
"201032","201307",6,9,31,362,1,0,2,1,1,1,3
"201032","201307",1,3,31,362,1,0,1,0,0,-8,-8
"201032","201308",6,9,11,362,2,2,2,1,1,1,3
"201032","201308",1,912,31,362,2,2,0,-8,0,-8,-8
"201032","201308",3,574,31,362,2,2,0,-8,0,-8,-8
"201032","201308",2,908,31,362,2,2,2,2,1,1,3
"201032","201308",4,27,31,362,2,2,0,-8,0,-8,-8
"201032","201308",5,5,31,362,2,2,0,-8,0,-8,-8
"201031","201309",3,25,11,112,2,1,0,-8,0,-8,-8
"201031","201309",2,907,31,362,0,-8,2,1,2,1,3
"201031","201309",1,3,11,112,1,1,1,0,0,-8,-8
"201031","201309",5,5,11,112,0,-8,0,-8,0,-8,-8
"201031","201309",6,9,11,112,1,1,0,-8,0,-8,-8
"201031","201310",2,907,31,332,1,0,2,1,2,1,3
"201031","201310",1,3,11,362,0,-8,0,-8,0,-8,-8
"201031","201310",5,5,31,332,1,0,1,0,0,-8,-8
"201031","201310",4,27,11,362,0,-8,1,0,0,-8,-8
"201031","201310",3,25,11,362,2,1,1,0,0,-8,-8
"201031","201310",6,9,11,362,2,1,2,0,0,-8,-8
"201031","201311",5,5,11,362,0,-8,0,-8,0,-8,-8
"201031","201311",2,910,31,331,0,-8,2,1,1,1,3
"201031","201311",4,27,11,362,0,-8,0,-8,0,-8,-8
"201031","201311",6,62,11,362,1,0,2,0,0,-8,-8
"201031","201311",1,3,11,362,0,-8,0,-8,0,-8,-8
"201031","201311",3,25,11,362,0,-8,0,-8,0,-8,-8
"201031","201312",4,27,21,332,0,-8,0,-8,0,-8,-8
"201031","201312",3,25,11,362,0,-8,0,-8,0,-8,-8
"201031","201312",1,3,11,362,0,-8,0,-8,0,-8,-8
"201031","201312",5,5,21,332,0,-8,0,-8,0,-8,-8
"201031","201312",6,877,11,362,0,-8,0,-8,0,-8,-8
"201031","201312",2,908,11,362,1,0,2,1,1,1,3
"201031","201313",1,3,31,362,1,0,2,0,0,-8,-8
"201031","201313",5,5,31,362,1,0,0,-8,0,-8,-8
"201031","201313",3,25,31,362,0,-8,0,-8,0,-8,-8
"201031","201313",6,9,31,362,1,0,2,0,1,0,1
"201031","201313",2,907,31,362,1,0,2,1,2,1,3
"201031","201313",4,27,31,362,1,0,0,-8,0,-8,-8
"201031","201314",2,907,31,362,1,0,2,1,2,1,3
"201031","201314",5,5,31,362,1,0,1,0,1,0,3
"201031","201314",6,9,31,362,1,0,1,0,1,0,3
"201031","201314",4,27,31,362,1,0,1,0,1,0,3
"201031","201314",1,912,31,362,1,0,1,0,1,0,3
"201031","201314",3,25,31,362,1,0,1,0,1,0,3
"202011","202101",5,579,10,122,0,-8,0,-8,0,-8,-8
"202011","202101",3,660,30,131,0,-8,2,4,0,-8,-8
"202011","202101",4,575,10,122,0,-8,0,-8,0,-8,-8
"202011","202101",1,3,10,122,1,1,1,1,2,1,3
"202011","202101",2,3,10,122,1,1,1,1,2,1,3
"202011","202102",3,660,30,131,2,2,2,4,1,0,4
"202011","202102",4,407,30,122,0,-8,0,-8,0,-8,-8
"202011","202102",2,659,30,131,0,-8,0,-8,0,-8,-8
"202011","202102",1,3,10,122,2,1,2,1,2,0,3
"202011","202102",5,5,10,122,0,-8,0,-8,0,-8,-8
"202012","202103",4,575,10,122,0,-8,0,-8,0,-8,-8
"202012","202103",3,660,30,131,0,-8,0,-8,0,-8,-8
"202012","202103",2,659,30,131,2,4,2,4,2,0,3
"202012","202103",1,3,10,122,0,-8,2,4,2,1,3
"202012","202104",1,3,10,122,1,4,2,2,0,-8,-8
"202012","202104",2,659,30,131,0,-8,0,-8,2,1,3
"202012","202104",3,660,30,131,0,-8,0,-8,0,-8,-8
"202012","202104",5,5,30,122,0,-8,0,-8,0,-8,-8
"202013","202105",1,3,10,122,0,-8,2,2,2,1,3
"202013","202105",4,575,10,122,0,-8,0,-8,-9,-8,-8
"202013","202105",2,659,30,131,0,-8,0,-8,0,-8,-8
"202013","202105",5,5,10,122,0,-8,0,-8,-9,-8,-8
"202013","202105",3,577,10,122,0,-8,1,2,2,1,3
"202013","202106",5,585,10,122,0,-8,0,-8,-9,-8,-8
"202013","202106",2,659,30,131,2,4,2,4,2,1,3
"202013","202106",4,575,10,122,0,-8,0,-8,-9,-8,-8
"202013","202106",6,660,30,131,0,-8,0,-8,0,-8,-8
"202013","202106",3,23,10,122,0,-8,0,-8,-9,-8,-8
"202013","202106",1,3,10,122,0,-8,2,4,0,-8,-8
"203011","203101",5,33,21,122,0,-8,0,-8,0,-8,-8
"203011","203101",5,2,21,122,0,-8,2,2,2,0,3
"203011","203101",4,27,21,122,0,-8,0,-8,0,-8,-8
"203011","203101",3,21,21,122,0,-8,0,-8,0,-8,-8
"203011","203101",1,3,21,122,0,-8,0,-8,0,-8,-8
"203011","203102",3,21,20,122,0,-8,0,-8,0,-8,-8
"203011","203102",1,3,20,122,0,-8,1,2,1,0,3
"203011","203102",5,33,20,122,0,-8,0,-8,0,-8,-8
"203011","203103",6,74,21,122,0,-8,0,-8,0,-8,-8
"203011","203103",5,33,21,122,1,1,2,2,0,-8,-8
"203011","203103",1,3,21,122,0,-8,2,2,0,-8,-8
"203011","203103",2,2,21,122,1,2,2,2,2,0,3
"203021","203201",3,21,21,122,0,-8,0,-8,0,-8,-8
"203021","203201",5,2,21,122,0,-8,2,2,2,0,3
"203021","203201",1,3,21,122,0,-8,0,-8,0,-8,-8
"203021","203201",4,27,21,122,0,-8,0,-8,0,-8,-8
"203021","203201",5,33,21,122,0,-8,0,-8,0,-8,-8
"203021","203202",5,33,21,122,0,-8,0,-8,0,-8,-8
"203021","203202",2,1,21,122,0,-8,2,4,2,0,3
"203021","203202",1,3,21,122,0,-8,2,2,0,-8,-8
"204011","204101",-9,2,10,172,0,-8,0,-8,0,-8,-8
"204011","204101",-9,5,10,172,0,-8,0,-8,0,-8,-8
"204011","204101",-9,4,10,172,0,-8,0,-8,0,-8,-8
"204011","204101",-9,3,10,172,2,4,0,-8,0,-8,-8
"204011","204102",-9,2,10,172,0,-8,0,-8,0,-8,-8
"204011","204102",-9,3,10,172,2,4,0,-8,0,-8,-8
"204011","204102",-9,1,10,172,0,-8,0,-8,0,-8,-8
"204011","204102",-9,4,10,172,0,-8,0,-8,0,-8,-8
"204011","204102",-9,5,10,172,0,-8,0,-8,0,-8,-8
"204013","204103",-9,1,31,112,0,-8,2,3,0,-8,-8
"204013","204104",-9,2,12,112,0,-8,2,3,0,-8,-8
"204013","204104",-9,5,12,112,0,-8,2,3,0,-8,-8
"204012","204105",-9,3,10,172,0,-8,0,-8,0,-8,-8
"204012","204105",-9,4,10,262,0,-8,0,-8,0,-8,-8
"204012","204105",-9,2,10,172,1,2,1,9,0,-8,-8
"204012","204105",-9,5,10,172,0,-8,0,-8,0,-8,-8
"204012","204106",-9,2,10,172,1,9,1,2,0,-8,-8
"204012","204106",-9,5,10,172,0,-8,0,-8,0,-8,-8
"204012","204106",-9,4,30,262,0,-8,0,-8,0,-8,-8
"204012","204106",-9,3,10,172,0,-8,0,-8,0,-8,-8
"204012","204106",-9,6,10,172,0,-8,0,-8,0,-8,-8
"204021","204201",1,3,-9,-9,-9,-9,-9,-9,-9,-9,-9
"204021","204201",6,385,112,332,0,-8,0,-8,1,0,9
"204021","204202",1,3,11,262,1,0,0,-8,1,0,9
"204021","204202",5,24,12,262,0,-8,0,-8,0,-8,-8
"205011","205101",3,23,12,121,0,-8,0,-8,0,-8,-8
"205011","205101",6,9,12,121,2,4,0,-8,1,0,1
"205011","205101",5,33,12,121,2,4,0,-8,1,0,1
"205011","205101",6,5,11,121,2,4,0,-8,1,0,1
"205011","205101",4,27,12,121,0,-8,2,2,1,1,2
"205011","205101",2,1,11,121,2,4,2,4,2,1,2
"205011","205101",1,3,11,121,2,4,0,-8,0,-8,-8
"205011","205102",6,9,12,121,2,4,0,-8,1,0,1
"205011","205102",3,23,12,121,0,-8,0,-8,0,-8,-8
"205011","205102",4,27,12,121,0,-8,2,2,1,1,2
"205011","205102",2,1,11,121,2,4,2,4,2,1,2
"205011","205102",6,5,11,121,2,4,0,-8,1,0,1
"205011","205102",5,33,12,121,2,4,0,-8,1,1,1
"205011","205102",1,3,11,121,2,4,0,-8,0,-8,-8
"205011","205103",2,1,11,121,2,4,2,4,1,1,2
"205011","205103",3,23,12,121,0,-8,0,-8,0,-8,-8
"205011","205103",6,5,11,121,2,4,0,-8,1,0,1
"205011","205103",1,3,11,121,2,4,0,-8,0,-8,-8
"205011","205103",5,33,12,121,2,4,0,-8,1,1,1
"205011","205103",4,27,12,121,0,-8,2,2,1,1,2
"205012","205104",3,23,12,121,0,-8,0,-8,0,-8,-8
"205012","205104",1,3,11,121,2,4,0,-8,0,-8,-8
"205012","205104",6,5,11,121,2,4,0,-8,1,0,1
"205012","205104",2,1,11,121,2,4,2,2,1,1,2
"205012","205104",4,27,12,121,1,2,2,2,1,1,2
"205012","205104",5,33,12,121,2,4,0,-8,1,1,1
"205012","205105",6,9,12,121,2,4,0,-8,1,0,1
"205012","205105",5,33,12,121,2,4,0,-8,1,1,1
"205012","205105",1,3,11,121,2,4,0,-8,0,-8,-8
"205012","205105",4,27,12,121,0,-8,2,2,1,1,2
"205012","205105",2,1,11,121,2,4,2,4,1,1,2
"205012","205105",6,5,11,121,2,4,0,-8,1,0,1
"205012","205105",3,23,12,121,0,-8,0,-8,0,-8,-8
"205021","205201",5,33,20,121,2,2,1,2,1,1,2
"205021","205201",3,25,10,122,0,-8,1,0,0,-8,-8
"205021","205201",6,1408,20,121,1,2,0,-8,1,0,2
"205021","205201",1,3,20,121,2,2,2,2,1,1,2
"205021","205201",2,1,20,121,2,4,2,2,2,1,2
"205021","205201",4,27,10,122,0,-8,1,0,0,-8,-8
"205022","205202",5,33,10,122,1,2,1,0,1,0,9
"205022","205202",6,1408,10,122,0,-8,0,-8,0,-8,-8
"205022","205202",4,27,10,122,0,-8,1,0,0,-8,-8
"205022","205202",1,3,10,122,1,2,1,1,1,0,9
"205022","205202",3,25,10,122,0,-8,0,-8,0,-8,-8
"205022","205202",2,1,10,122,1,2,2,1,1,1,3
"207011","207101",3,21,10,112,0,-8,0,-8,0,-8,-8
"207011","207101",4,52,10,112,1,1,2,1,0,-8,-8
"207011","207101",1,3,10,112,2,4,2,4,1,0,3
"207011","207101",6,59,10,112,0,-8,0,-8,0,-8,-8
"207011","207102",4,27,30,212,1,0,1,0,0,-8,-8
"207011","207102",3,574,30,212,0,-8,0,-8,0,-8,-8
"207011","207102",1,3,30,112,0,-8,0,-8,0,-8,-8
"207011","207102",5,33,10,112,2,4,0,-8,0,-8,-8
"207011","207103",6,59,10,111,0,-8,0,-8,0,-8,-8
"207011","207103",4,52,10,112,2,1,2,1,0,-8,-8
"207011","207103",1,3,10,112,0,-8,0,-8,0,-8,-8
"207011","207104",4,27,10,112,0,-8,0,-8,0,-8,-8
"207011","207104",1,3,30,212,0,-8,0,-8,0,-8,-8
"207011","207104",5,33,30,212,1,1,0,-8,1,0,4
"207011","207105",1,3,30,212,2,1,0,-8,0,-8,-8
"207011","207105",1,3,10,112,2,1,0,-8,0,-8,-8
"207011","207105",3,53,10,112,1,3,2,3,0,-8,-8
"207011","207105",5,33,10,112,2,3,0,-8,1,0,3
"207011","207106",5,33,30,212,1,3,0,-8,0,-8,-8
"207011","207106",1,3,30,112,1,1,0,-8,0,-8,-8
"208011","208101",1,3,12,332,0,-8,0,-8,1,1,2
"208011","208101",4,58,12,121,0,-8,0,-8,1,0,2
"208011","208101",3,52,12,332,0,-8,0,-8,0,-8,-8
"208011","208101",5,25,12,121,0,-8,0,-8,0,-8,-8
"208011","208101",2,1,12,121,2,1,2,1,1,1,2
"208011","208101",6,736,12,121,0,-8,2,2,2,1,1
"208011","208102",3,21,11,113,0,-8,1,0,0,-8,-8
"208011","208102",1,3,12,113,0,-8,1,0,0,-8,-8
"208011","208103",1,3,10,332,0,-8,1,0,0,-8,-8
"208011","208103",3,23,10,332,0,-8,0,-8,0,-8,-8
"208011","208104",6,9,20,121,0,-8,0,-8,1,0,2
"208011","208104",3,25,20,121,0,-8,0,-8,0,-8,-8
"208011","208104",1,3,20,121,0,-8,0,-8,0,-8,-8
"208011","208104",4,27,20,121,0,-8,0,-8,0,-8,-8
"208011","208104",5,21,20,121,0,-8,0,-8,0,-8,-8
"208011","208104",2,1,20,121,0,-8,0,-8,1,0,2
"208011","208105",1,3,12,113,0,-8,1,1,1,0,2
"208011","208105",2,1,12,113,0,-8,1,1,1,0,2
"208012","208106",1,3,12,113,0,-8,1,0,0,-8,-8
"208012","208107",1,3,12,113,0,-8,2,1,0,-8,-8
"208012","208107",2,1,11,113,0,-8,2,1,0,-8,-8
"208012","208108",2,1,12,111,0,-8,2,0,0,-8,-8
"208012","208108",6,9,12,113,0,-8,2,0,0,-8,-8
"208012","208108",1,3,12,112,0,-8,2,0,0,-8,-8
"208012","208109",1,102,12,112,0,-8,0,-8,0,-8,-8
"208012","208109",2,1,12,121,0,-8,1,1,0,-8,-8
"208012","208110",6,9,12,332,1,1,2,1,0,-8,-8
"208012","208110",1,3,12,332,1,1,2,1,0,-8,-8
"208013","208111",6,8,11,113,0,-8,1,0,0,-8,-8
"208013","208112",2,1,12,112,0,-8,1,1,0,-8,-8
"208013","208112",1,3,11,113,0,-8,1,1,0,-8,-8
"208013","208113",1,3,11,112,0,-8,1,1,0,-8,-8
"208013","208114",2,1,11,112,0,-8,2,1,1,1,4
"208013","208115",1,3,11,113,2,2,1,1,0,-8,-8
"208013","208115",2,1,12,112,2,2,1,1,0,-8,-8
"301011","301101",4,27,10,113,0,-8,1,0,0,-8,-8
"301011","301102",1,3,10,113,0,-8,1,0,0,-8,-8
"301011","301103",1,3,10,113,0,-8,1,0,0,-8,-8
"301011","301104",1,3,10,113,0,-8,1,0,0,-8,-8
"301011","301105",1,3,10,113,0,-8,1,0,0,-8,-8
"302011","302101",5,33,10,121,1,4,0,-8,1,1,-9
"302011","302101",1,3,10,121,1,4,0,-8,2,1,-9
"302011","302101",2,2,10,121,1,4,0,-8,2,1,2
"302011","302101",4,27,10,121,1,0,0,-8,0,-8,-8
"302011","302102",5,33,10,121,2,4,2,0,1,1,-9
"302011","302102",1,3,10,121,2,4,2,0,0,-8,-8
"302011","302102",2,2,10,121,0,-8,2,0,2,1,2
"302011","302103",2,1,10,121,0,-8,1,1,2,0,2
"302011","302103",1,3,10,121,0,-8,1,1,0,-8,-8
"302012","302104",2,2,10,121,0,-8,-9,-9,2,1,2
"302012","302104",1,3,10,121,0,-8,0,-8,1,-9,2
"302012","302105",2,2,30,121,0,-8,2,0,2,0,2
"302012","302105",5,33,30,121,2,4,2,0,0,-8,-8
"302011","302106",5,33,30,121,0,-8,2,0,0,-8,-8
"302011","302106",1,3,30,121,0,-8,2,0,0,-8,-8
"302012","302107",2,2,10,121,0,-8,-9,-9,2,0,2
"302012","302108",2,2,10,121,0,-8,-9,-9,2,0,2
"302012","302110",2,2,10,121,0,-8,-9,-9,2,1,2
"302012","302111",5,33,10,121,2,4,0,-8,1,0,-9
"302012","302111",1,3,10,121,2,4,0,-8,1,0,2
"302012","302111",2,2,10,121,0,-8,0,-8,1,0,2
"302012","302112",2,2,10,121,0,-8,-9,-9,2,1,2
"302011","302113",2,1,10,121,0,-8,-9,-9,2,1,2
"302012","302114",2,2,10,121,0,-8,-9,-9,2,1,2
"302012","302114",5,33,10,121,0,-8,-9,-9,0,-8,-8
"302011","302115",2,2,10,121,0,-8,-9,-9,2,1,2
"302011","302116",2,2,10,121,0,-8,-9,-9,2,0,2
"302011","302117",2,1,10,121,0,-8,0,-8,2,0,2
"302012","302118",1,3,10,121,0,-8,1,0,0,-8,-8
"302012","302118",2,2,10,121,0,-8,1,0,2,0,2
"302012","302119",2,2,10,121,0,-8,1,0,2,1,2
"302012","302120",2,2,10,121,0,-8,-9,-9,1,0,2
"302012","302121",2,2,10,121,0,-8,-9,-9,2,1,2
"302012","302122",2,2,10,121,0,-8,-9,-9,2,0,2
"302021","302201",5,33,12,123,0,-8,1,0,0,-8,-8
"302021","302201",1,3,12,123,0,-8,1,0,0,-8,-8
"302021","302201",2,2,12,123,0,-8,1,1,0,-8,-8
"302022","302202",1,3,31,112,0,-8,2,1,1,0,3
"302022","302202",5,33,11,123,0,-8,1,0,0,-8,-8
"302022","302202",2,1,11,123,0,-8,1,1,0,-8,-8
"302022","302203",5,33,11,112,0,-8,2,0,0,-8,-8
"302022","302203",2,1,11,112,0,-8,2,2,0,-8,-8
"302022","302203",1,3,31,112,0,-8,2,1,1,0,3
"302022","302204",5,33,11,123,0,-8,1,0,0,-8,-8
"302022","302204",1,3,11,123,0,-8,1,0,0,-8,-8
"302022","302204",2,1,11,123,0,-8,1,1,0,-8,-8
"302021","302205",5,33,11,123,0,-8,1,0,0,-8,-8
"302021","302205",1,3,11,123,0,-8,1,0,0,-8,-8
"302021","302205",2,2,11,123,0,-8,1,0,0,-8,-8
"302022","302206",2,1,11,122,0,-8,2,3,1,0,3
"302022","302206",5,33,11,122,0,-8,2,1,1,0,3
"302022","302206",1,3,11,122,0,-8,2,1,1,0,3
"303011","303101",4,27,10,122,2,1,2,1,1,0,2
"303011","303101",1,3,10,122,2,1,2,1,1,0,2
"303011","303101",3,1,10,122,2,1,2,1,1,0,2
"303011","303101",2,23,10,122,2,1,2,1,1,0,2
"303011","303103",5,3,10,122,0,-8,0,-8,0,-8,-8
"303011","303104",1,3,20,122,1,1,2,1,0,-8,-8
"303011","303105",1,3,11,122,2,4,2,4,0,-8,-8
"303011","303105",4,27,11,122,0,-8,0,-8,0,-8,-8
"303011","303105",3,23,11,122,0,-8,0,-8,0,-8,-8
"303011","303105",2,1,30,222,2,4,0,-8,1,0,2
"303011","303106",3,23,10,222,0,-8,0,-8,0,-8,-8
"303011","303106",4,27,10,222,0,-8,0,-8,0,-8,-8
"303011","303106",2,2,20,222,2,1,0,-8,1,0,1
"303011","303106",1,3,10,222,0,-8,0,-8,0,-8,-8
"303011","303108",1,3,10,222,0,-8,0,-8,0,-8,-8
"303011","303109",1,3,20,122,2,4,2,4,0,-8,-8
"303011","303110",1,3,20,222,1,1,0,-8,1,0,1
"303011","303111",1,3,10,122,2,2,1,1,0,-8,-8
"303011","303112",2,1,30,122,1,1,1,0,1,0,2
"303011","303112",1,3,11,122,1,0,0,-8,1,0,2
"303011","303112",3,21,11,122,0,-8,0,-8,0,-8,-8
"303011","303112",4,27,11,122,1,1,0,-8,1,0,2
"303011","303113",6,34,10,222,2,1,0,-8,0,-8,-8
"303011","303113",2,2,30,222,2,1,0,-8,1,1,2
"303011","303113",4,27,10,222,2,1,0,-8,0,-8,-8
"303011","303113",1,3,10,222,2,1,0,-8,0,-8,-8
"303011","303113",3,23,10,222,2,1,0,-8,0,-8,-8
"303011","303115",1,3,10,122,2,1,1,1,1,0,4
"303011","303116",2,1,30,122,0,-8,0,-8,1,0,3
"303011","303116",1,3,30,122,0,-8,0,-8,1,0,3
"303011","303116",6,2,10,122,0,-8,0,-8,1,0,3
"303011","303117",1,3,20,122,1,2,1,2,0,-8,-8
"303011","303118",1,3,10,223,0,-8,1,0,0,-8,-8
"303011","303119",4,27,10,121,2,0,0,-8,1,0,3
"303011","303119",3,23,10,121,2,0,0,-8,1,0,3
"303011","303119",6,3,30,121,2,0,0,-8,1,0,3
"303011","303119",1,3,10,121,2,0,0,-8,1,0,3
"303011","303120",2,2,30,222,2,4,0,-8,1,1,1
"303011","303120",3,23,10,222,2,4,0,-8,0,-8,-8
"303011","303120",1,3,10,222,2,4,0,-8,0,-8,-8
"303012","303121",1,3,20,121,1,1,1,1,0,-8,-9
"303012","303122",1,3,20,121,2,1,1,1,1,0,2
"303012","303123",1,3,20,121,2,1,1,1,1,1,2
"303012","303124",1,3,20,121,2,1,2,0,1,1,3
"303012","303125",1,3,20,121,1,1,2,1,1,1,3
"303012","303126",1,3,20,121,2,1,2,1,0,-8,-9
"303012","303127",1,3,20,121,2,4,2,4,1,1,3
"303012","303128",1,3,20,121,2,1,1,1,1,0,3
"303012","303129",1,3,20,121,0,-8,1,1,0,-8,-8
"303012","303130",1,3,20,121,0,-8,2,1,1,1,3
"303012","303131",1,3,20,121,1,0,1,0,0,-8,-8
"304011","304101",3,62,10,3,1,0,1,1,0,-8,-8
"304011","304101",4,18,10,3,0,-8,1,3,0,-8,-8
"304011","304101",5,34,10,3,1,4,1,0,0,-8,-8
"304011","304101",1,3,10,3,2,2,1,4,0,-8,-8
"304011","304101",2,2,10,3,2,4,1,0,1,-9,-9
"304012","304102",4,18,10,3,0,-8,0,-8,0,-8,-8
"304012","304102",1,3,10,3,2,4,2,4,0,-8,3
"304012","304102",2,2,10,3,2,2,2,4,1,1,3
"304012","304102",5,34,10,3,0,-8,0,-8,0,-8,-8
"304012","304102",3,24,10,3,0,-8,0,-8,0,-8,-8
"305011","305101",1,3,12,121,2,1,1,0,0,-8,-8
"305011","305102",6,10,12,121,2,1,1,1,2,0,3
"305012","305103",3,21,11,121,2,1,1,0,0,-8,-8
"305012","305104",1,3,11,121,2,1,1,0,0,-8,-8
"305012","305105",1,3,11,121,2,1,1,0,0,-8,-8
"306011","306101",1,3,11,332,2,2,0,-8,0,-8,-8
"306011","306101",2,1,10,111,0,-8,2,2,2,1,3
"306011","306101",5,8,11,111,0,-8,2,2,1,0,3
"306011","306101",3,51,11,111,2,0,2,2,1,0,9
"306011","306101",4,27,10,111,0,-8,0,-8,0,-8,-8
"306011","306102",4,1,11,111,0,-8,2,2,0,-8,-8
"306011","306102",2,1,11,111,0,-8,2,2,2,1,3
"306011","306102",1,3,11,363,1,0,2,2,0,-8,-8
"306011","306102",3,51,11,111,0,-8,2,2,0,-8,-8
"306011","306102",5,8,11,111,0,-8,2,2,2,1,3
"306011","306103",1,3,11,332,0,-8,0,-8,0,-8,-8
"306011","306103",4,4,11,111,0,-8,2,2,0,-8,-8
"306011","306103",3,51,11,132,0,-8,2,2,0,-8,-8
"306011","306103",6,37,11,111,0,-8,2,2,0,-8,-8
"306011","306103",2,1,11,131,0,-8,2,4,2,0,3
"306011","306103",5,9,12,362,0,-8,0,-8,0,-8,-8
"306011","306104",4,4,11,111,0,-8,2,2,0,-8,-8
"306011","306104",6,9,12,333,0,-8,2,2,0,-8,-8
"306011","306104",1,3,11,111,0,-8,2,2,2,1,3
"306011","306104",3,51,11,111,0,-8,2,2,2,1,3
"306011","306104",2,1,11,111,0,-8,2,2,2,1,3
"306011","306105",2,1,11,322,1,1,2,2,1,1,3
"306011","306105",3,51,11,322,0,-8,2,2,1,0,3
"306011","306106",2,1,11,111,0,-8,2,0,2,1,3
"306011","306106",1,3,30,332,0,-8,0,-8,0,-8,-8
"306011","306106",3,51,11,111,0,-8,2,2,0,-8,-8
"306011","306106",4,27,11,111,0,-8,2,2,0,-8,-8
"306011","306107",2,2,11,111,0,-8,2,2,2,1,3
"306011","306107",3,51,12,333,2,2,2,0,0,-8,-8
"306011","306107",4,4,11,333,0,-8,2,2,1,0,3
"306011","306107",1,3,12,363,0,-8,2,2,1,0,1
"306011","306107",5,7,12,333,2,2,0,-8,1,0,9
"306011","306108",2,1,11,332,0,-8,2,2,2,1,3
"306011","306108",6,8,11,111,0,-8,2,1,2,0,3
"306011","306108",4,4,11,111,0,-8,2,2,1,0,3
"306011","306109",4,27,11,111,0,-8,2,0,2,0,9
"306011","306109",6,9,12,332,0,-8,0,-8,0,-8,-8
"306011","306109",5,4,12,332,0,-8,0,-8,0,-8,-8
"306011","306110",1,102,11,362,1,0,2,2,0,-8,-8
"306011","306110",3,51,11,332,1,1,2,2,1,0,9
"306011","306110",2,1,11,131,0,-8,2,2,2,1,3
"306011","306110",4,4,11,111,0,-8,2,2,1,0,3
"306011","306110",5,8,11,111,0,-8,2,2,2,0,3
"306011","306111",5,37,11,111,0,-8,0,-8,0,-8,-8
"306011","306111",6,9,12,332,1,9,0,-8,0,-8,-8
"306011","306111",2,1,11,363,2,2,0,-8,2,1,3
"306011","306112",6,8,11,131,0,-8,2,1,1,0,3
"306011","306112",3,51,11,113,2,4,2,2,0,-8,-8
"306011","306112",4,4,11,113,0,-8,2,2,0,-8,-8
"306011","306112",2,2,12,363,0,-8,2,2,2,1,3
"306011","306112",5,9,12,262,1,2,0,-8,0,-8,-8
"306011","306112",1,3,12,363,2,1,2,2,1,0,3
"306011","306113",5,9,12,332,0,-8,2,2,0,-8,-8
"306011","306113",2,1,11,111,0,-8,2,2,2,1,3
"306011","306114",4,4,11,111,0,-8,2,4,1,0,9
"306011","306114",3,51,11,111,0,-8,2,4,0,-8,-8
"306011","306114",5,8,11,111,0,-8,2,4,1,0,9
"306011","306114",2,1,11,331,0,-8,2,4,2,1,3
"306011","306115",6,8,12,111,0,-8,0,-8,0,-8,-8
"306011","306115",5,37,11,111,0,-8,2,2,0,-8,-8
"306011","306115",3,51,11,111,1,1,2,1,0,-8,-8
"306011","306115",2,1,11,111,0,-8,2,4,1,1,3
"306011","306115",1,3,11,111,0,-8,2,4,0,-8,-8
"306011","306115",4,4,11,111,0,-8,2,2,0,-8,-8
"306021","306201",3,51,32,131,0,-8,0,-8,0,-8,-8
"306021","306201",5,37,80,332,0,-8,0,-8,0,-8,-8
"306021","306201",1,3,32,131,0,-8,2,2,0,-8,-8
"306021","306201",4,27,80,332,0,-8,0,-8,0,-8,-8
"306021","306201",2,2,32,131,0,-8,2,2,2,1,3
"306021","306202",3,51,30,111,0,-8,1,4,0,-8,-8
"306021","306202",1,3,30,111,0,-8,0,-8,0,-8,-8
"306021","306202",4,27,30,111,0,-8,0,-8,0,-8,-8
"306021","306202",5,33,30,111,0,-8,0,-8,0,-8,-8
"306021","306202",2,1,30,111,0,-8,1,4,2,1,3
"306021","306203",3,21,10,221,0,-8,2,2,0,-8,-8
"306021","306203",1,3,10,221,2,2,0,-8,0,-8,-8
"306021","306203",2,1,10,221,2,2,2,2,2,1,3
"306021","306203",4,27,10,221,0,-8,0,-8,0,-8,-8
"306021","306204",4,27,10,221,0,-8,0,-8,0,-8,-8
"306021","306204",5,33,10,221,0,-8,0,-8,0,-8,-8
"306021","306204",3,51,10,221,2,2,0,-8,0,-8,-8
"306021","306204",2,1,10,221,0,-8,1,4,1,1,3
"306021","306204",1,3,10,331,0,-8,0,-8,0,-8,-8
"306021","306205",4,27,10,232,0,-8,0,-8,0,-8,-8
"306021","306205",5,33,10,232,0,-8,0,-8,0,-8,-8
"306021","306205",2,1,30,331,0,-8,2,2,2,1,3
"306021","306205",1,3,30,322,0,-8,1,2,0,-8,-8
"306021","306205",3,21,10,232,0,-8,0,-8,0,-8,-8
"306021","306206",2,1,10,221,2,4,2,2,2,1,3
"306021","306206",5,33,10,332,0,-8,0,-8,0,-8,-8
"306021","306206",3,21,10,332,0,-8,0,-8,0,-8,-8
"306021","306206",4,27,10,332,0,-8,0,-8,0,-8,-8
"306021","306206",1,3,30,111,0,-8,0,-8,0,-8,-8
"306021","306207",2,1,30,122,0,-8,2,2,1,1,3
"306021","306207",4,27,30,122,0,-8,0,-8,0,-8,-8
"306021","306207",3,51,30,122,0,-8,0,-8,0,-8,-8
"306021","306207",1,102,30,122,2,2,2,2,0,-8,-8
"306021","306208",2,1,12,332,0,-8,2,2,2,1,3
"306021","306208",3,51,12,332,0,-8,2,2,2,1,2
"306021","306208",4,27,12,332,0,-8,0,-8,0,-8,-8
"306021","306208",1,3,32,332,0,-8,2,2,2,1,3
"306021","306209",2,2,30,122,0,-8,1,2,2,1,3
"306021","306209",5,34,30,121,0,-8,1,1,2,1,3
"306021","306209",3,51,30,122,0,-8,0,-8,0,-8,-8
"306021","306209",1,3,30,122,0,-8,0,-8,0,-8,-8
"306021","306210",1,3,30,131,0,-8,2,2,2,1,3
"306021","306210",3,51,30,313,0,-8,2,2,0,-8,-8
"306021","306210",2,1,30,323,0,-8,2,2,2,1,3
"306021","306210",4,27,30,323,0,-8,0,-8,0,-8,-8
"306021","306211",1,3,32,221,0,-8,2,2,0,-8,-8
"306021","306211",3,51,10,221,0,-8,0,-8,0,-8,-8
"306021","306211",2,1,32,332,2,1,1,1,2,1,3
"306021","306212",4,27,30,132,0,-8,0,-8,0,-8,-8
"306021","306212",5,33,30,132,0,-8,0,-8,0,-8,-8
"306021","306212",3,51,30,132,0,-8,2,1,0,-8,-8
"306021","306212",1,3,30,132,0,-8,0,-8,0,-8,-8
"306021","306212",2,2,30,132,0,-8,0,-8,0,-8,-8
"306021","306213",3,51,30,121,0,-8,2,2,0,-8,-8
"306021","306213",4,2,30,212,0,-8,0,-8,0,-8,-8
"306021","306213",2,2,30,121,0,-8,2,2,2,0,3
"306021","306214",3,51,30,111,0,-8,2,2,0,-8,-8
"306021","306214",1,3,30,111,0,-8,0,-8,0,-8,-8
"306021","306214",2,1,30,111,0,-8,2,2,1,0,3
"306021","306215",3,51,30,331,1,1,1,4,0,-8,-8
"306021","306215",5,33,30,331,2,2,0,-8,0,-8,-8
"306021","306215",1,3,30,331,1,0,0,-8,0,-8,-8
"306021","306215",3,51,30,331,1,1,1,4,0,-8,-8
"306021","306215",2,1,30,331,0,-8,1,4,1,1,3
"306021","306215",4,27,30,331,0,-8,0,-8,0,-8,-8
"307011","307101",3,51,11,171,0,-8,2,3,0,-8,-8
"307011","307101",6,7,11,171,2,4,2,1,0,-8,-8
"307011","307101",2,1,11,362,2,4,2,0,2,1,3
"307011","307101",1,3,11,363,0,-8,0,-8,0,-8,-8
"307011","307101",4,27,11,171,2,4,2,0,0,-8,-8
"307011","307102",3,23,11,362,2,1,0,-8,0,-8,-8
"307011","307102",4,27,11,171,1,2,2,1,2,0,4
"307011","307102",2,1,31,362,1,2,1,0,2,1,3
"307011","307102",1,3,11,362,0,-8,0,-8,0,-8,-8
"307011","307102",6,51,11,171,0,-8,2,3,0,-8,-8
"307011","307103",3,23,11,363,1,1,0,-8,0,-8,-8
"307011","307103",2,2,31,331,0,-8,2,1,0,-8,-8
"307011","307103",6,51,11,171,0,-8,2,1,0,-8,-8
"307011","307103",1,3,11,362,0,-8,2,1,0,-8,-8
"307011","307103",4,27,11,171,0,-8,2,2,2,-8,-8
"307011","307104",3,23,11,261,2,4,0,-8,0,-8,-8
"307011","307104",6,9,11,171,2,4,2,2,2,1,4
"307011","307104",2,2,31,331,2,4,2,1,0,-8,-8
"307011","307104",4,27,11,171,2,4,2,2,2,1,4
"307011","307104",1,3,11,262,0,-8,0,-8,0,-8,-8
"307011","307105",1,3,11,263,2,2,0,-8,0,-8,-8
"307011","307105",2,2,31,331,2,2,1,1,0,-8,-8
"307011","307105",6,9,11,171,1,4,2,4,2,0,4
"307011","307105",4,27,11,171,1,1,2,4,2,0,4
"307011","307105",3,59,31,362,2,2,2,4,0,-8,-8
"307011","307106",1,3,11,363,2,4,0,-8,0,-8,-8
"307011","307106",4,27,11,171,0,-8,2,1,1,0,4
"307011","307106",3,21,11,363,0,-8,0,-8,0,-8,-8
"307011","307106",6,9,11,171,2,4,2,4,2,0,4
"307011","307106",2,2,11,363,2,4,0,-8,0,-8,-8
"307012","307107",1,3,11,363,0,-8,0,-8,0,-8,-8
"307012","307107",2,1,11,363,0,-8,2,1,2,1,3
"307012","307107",3,23,11,362,0,-8,0,-8,0,-8,-8
"307012","307108",3,41,11,363,0,-8,0,-8,0,-8,-8
"307012","307108",2,2,11,361,2,4,0,-8,0,-8,-8
"307012","307108",1,3,11,363,0,-8,0,-8,0,-8,-8
"307012","307108",4,27,11,363,0,-8,0,-8,0,-8,-8
"307012","307108",6,21,11,363,0,-8,0,-8,0,-8,-8
"307012","307109",6,7,11,363,0,-8,0,-8,0,-8,-8
"307012","307109",4,27,11,363,0,-8,0,-8,0,-8,-8
"307012","307109",2,2,11,362,0,-8,0,-8,0,-8,-8
"307012","307109",1,3,11,362,0,-8,0,-8,0,-8,-8
"307012","307109",3,41,11,363,0,-8,0,-8,0,-8,-8
"307012","307110",3,41,11,363,0,-8,0,-8,0,-8,-8
"307012","307110",1,3,11,363,0,-8,0,-8,0,-8,-8
"307012","307110",2,2,11,363,0,-8,0,-8,0,-8,-8
"307012","307110",4,27,11,363,0,-8,0,-8,0,-8,-8
"307012","307111",4,27,11,363,0,-8,0,-8,0,-8,-8
"307012","307111",3,21,11,363,0,-8,0,-8,0,-8,-8
"307012","307111",6,7,11,363,0,-8,0,-8,0,-8,-8
"307012","307111",2,2,11,363,0,-8,0,-8,0,-8,-8
"307012","307111",1,3,11,363,0,-8,0,-8,0,-8,-8
"307012","307112",4,27,11,363,0,-8,0,-8,0,-8,-8
"307012","307112",3,25,12,363,0,-8,0,-8,0,-8,-8
"307012","307112",1,3,11,363,0,-8,0,-8,0,-8,-8
"307012","307112",2,2,11,362,2,4,0,-8,0,-8,-8
"307013","307113",2,1,11,171,0,-8,2,1,2,1,3
"307013","307113",3,25,11,173,0,-8,0,-8,0,-8,-8
"307013","307113",4,27,11,363,0,-8,0,-8,0,-8,-8
"307013","307113",1,3,11,171,0,-8,1,1,2,1,3
"307013","307114",6,7,11,363,0,-8,0,-8,0,-8,-8
"307013","307114",1,3,11,362,0,-8,0,-8,0,-8,-8
"307013","307114",3,25,11,363,0,-8,0,-8,0,-8,-8
"307013","307114",2,1,11,262,1,1,1,1,2,1,3
"307013","307115",3,25,11,362,0,-8,0,-8,0,-8,-8
"307013","307115",2,2,11,171,2,2,2,2,2,0,3
"307013","307115",1,3,11,361,2,2,2,2,0,-8,-8
"307013","307115",4,27,11,362,0,-8,0,-8,0,-8,-8
"307013","307115",5,33,12,362,2,2,0,-8,0,-8,-8
"307013","307115",6,7,11,171,2,2,2,2,2,0,3
"307013","307116",3,41,11,363,0,-8,0,-8,0,-8,-8
"307013","307116",4,27,12,363,0,-8,0,-8,0,-8,-8
"307013","307116",6,1,11,172,2,4,2,1,2,0,3
"307013","307116",2,2,11,363,0,-8,0,-8,0,-8,-8
"307013","307116",1,3,11,363,0,-8,0,-8,0,-8,-8
"307013","307117",2,2,12,263,0,-8,0,-8,0,-8,-8
"307013","307117",1,3,12,263,0,-8,0,-8,0,-8,-8
"307013","307118",6,51,12,171,0,-8,2,1,0,-8,-8
"307013","307118",2,1,11,171,0,-8,2,1,0,-8,-8
"307013","307118",1,3,12,171,0,-8,2,2,0,-8,-8
"307013","307118",3,25,11,171,0,-8,2,1,0,-8,-8
"308011","308101",6,59,11,223,1,2,0,-8,0,-8,-8
"308011","308101",1,3,11,223,0,-8,0,-8,0,-8,-8
"308011","308101",2,2,11,223,0,-8,0,-8,0,-8,-8
"308011","308102",6,59,11,223,1,2,0,-8,0,-8,-8
"308011","308102",2,2,11,223,0,-8,0,-8,0,-8,-8
"308011","308102",1,3,11,223,0,-8,0,-8,0,-8,-8
"308012","308103",2,2,12,123,0,-8,1,1,0,-8,-8
"308012","308103",4,27,12,123,0,-8,1,1,0,-8,-8
"308012","308103",6,21,12,322,0,-8,1,1,0,-8,-8
"308012","308103",1,102,12,122,0,-8,1,1,1,1,3
"308012","308103",3,23,12,322,0,-8,1,1,0,-8,-8
"308012","308104",2,2,10,321,1,1,1,2,0,-8,-8
"308012","308104",3,23,10,321,0,-8,0,-8,0,-8,-8
"308012","308104",1,3,10,321,1,2,1,2,0,-8,-8
"308012","308104",4,27,10,321,0,-8,0,-8,0,-8,-8
"308012","308104",6,33,10,321,0,-8,0,-8,0,-8,-8
"309011","309101",3,706,20,122,0,-8,2,0,1,0,-9
"309011","309102",2,2,20,123,2,1,2,1,1,1,1
"309011","309102",5,33,10,122,1,1,2,1,1,1,1
"309011","309102",1,3,10,122,1,1,2,1,1,0,1
"309011","309102",3,699,10,122,1,2,1,1,1,1,1
"309011","309102",4,27,10,122,2,1,2,1,1,1,1
"309011","309103",3,699,10,122,1,3,2,4,1,0,1
"309011","309103",5,33,80,132,2,3,2,3,1,0,1
"309011","309104",3,711,80,132,0,-8,2,1,1,1,1
"309011","309104",1,3,10,122,0,-8,2,1,1,1,1
"309011","309104",2,2,80,132,2,0,2,1,1,1,1
"309011","309105",4,27,90,123,0,-8,1,0,0,-8,-8
"309011","309105",5,33,90,123,0,-8,1,0,0,-8,-8
"309011","309105",2,2,90,123,0,-8,1,0,0,-8,-8
"309011","309105",3,700,40,131,1,0,0,-8,0,-8,-8
"309011","309105",3,700,80,132,0,-8,1,0,0,-8,-8
"309011","309106",4,27,20,122,0,-8,0,-8,0,-8,-8
"309011","309106",1,3,20,122,1,4,1,4,1,1,3
"309011","309106",3,700,20,122,1,4,0,-8,-8,-8,-8
"309011","309107",4,27,90,123,0,-8,0,-8,-8,-8,-8
"309011","309107",6,34,90,123,0,-8,0,-8,0,-8,-8
"309011","309107",1,3,90,123,0,-8,2,0,1,1,3
"309011","309107",3,700,90,123,2,0,0,-8,1,0,1
"309011","309107",2,2,10,122,0,-8,2,0,1,1,3
"309011","309107",5,33,10,122,0,-8,2,0,1,1,3
"309011","309108",3,700,40,131,2,4,2,4,1,1,2
"309011","309108",1,3,40,131,0,-8,2,4,2,1,3
"309011","309108",6,33,10,122,0,-8,0,-8,0,-8,-8
"309011","309108",2,3,40,131,0,-8,2,4,1,1,3
"309011","309108",5,34,80,132,0,-8,2,4,0,-8,-8
"309011","309108",4,27,80,132,0,-8,0,-8,0,-8,-8
"309012","309109",2,3,90,123,0,-8,2,0,2,1,3
"309012","309109",1,3,40,131,2,4,2,4,0,-8,-8
"309012","309109",3,700,80,123,2,4,0,-8,0,-8,-8
"309012","309109",5,33,90,123,0,-8,2,4,2,1,3
"309012","309109",6,34,10,122,0,-8,0,-8,0,-8,-8
"309012","309109",4,27,10,122,0,-8,2,0,2,1,2
"309012","309110",6,34,90,123,0,-8,0,-8,0,-8,-8
"309012","309110",2,3,10,122,0,-8,2,0,0,-8,-8
"309012","309110",5,33,90,123,0,-8,2,4,1,1,3
"309012","309110",4,27,90,123,0,-8,0,-8,0,-8,-8
"309012","309110",3,700,40,131,0,-8,0,-8,0,-8,-8
"309012","309110",1,3,10,122,0,-8,2,4,0,-8,-8
"309012","309111",4,27,90,123,0,-8,0,-8,0,-8,-8
"309012","309111",1,3,10,122,2,4,2,4,0,-8,-8
"309012","309111",5,33,10,122,2,4,2,0,0,-8,-8
"309012","309111",6,34,20,122,0,-8,0,-8,0,-8,-8
"309012","309111",2,2,10,122,0,-8,1,0,0,-8,-8
"309012","309111",3,699,40,131,2,0,0,-8,0,-8,-8
"309012","309112",6,34,90,123,0,-8,0,-8,0,-8,-8
"309012","309112",4,27,90,123,0,-8,0,-8,0,-8,-8
"309012","309112",2,2,80,132,0,-8,2,0,0,-8,-8
"309012","309112",1,3,40,131,0,-8,2,4,0,-8,-8
"309012","309112",5,33,90,123,0,-8,2,0,0,-8,-8
"309012","309112",3,700,40,131,2,4,0,-8,0,-8,-8
"309012","309113",1,3,10,122,0,-8,2,4,2,1,3
"309012","309113",4,27,10,122,0,-8,2,4,2,1,3
"309012","309113",5,33,10,122,0,-8,2,4,2,1,3
"309012","309113",3,700,80,132,2,4,2,4,0,-8,-8
"309012","309113",2,3,10,122,0,-8,2,4,2,1,3
"309012","309114",2,2,10,122,0,-8,2,2,1,0,1
"309012","309114",1,3,80,132,0,-8,2,2,1,0,1
"309012","309114",4,27,10,122,0,-8,2,2,0,-8,-8
"309012","309114",5,33,10,122,0,-8,2,2,0,-8,-8
"309012","309114",3,706,10,122,2,4,2,2,1,0,1
"309012","309115",1,3,90,123,1,4,2,4,0,-8,-8
"309012","309115",3,699,90,123,2,4,2,4,0,-8,-8
"309012","309115",4,27,10,122,0,-8,0,-8,0,-8,-8
"309012","309115",5,33,10,122,0,-8,2,4,0,-8,-8
"309012","309115",2,2,90,123,0,-8,0,-8,0,-8,-8
"309012","309116",4,27,90,123,0,-8,0,-8,0,-8,-8
"309012","309116",5,33,90,123,0,-8,0,-8,0,-8,-8
"309012","309116",3,700,90,123,2,4,0,-8,0,-8,-8
"309012","309116",1,3,90,123,0,-8,0,-8,0,-8,-8
"309012","309116",2,2,90,123,0,-8,0,-8,0,-8,-8
"309011","309117",5,33,90,123,0,-8,0,-8,0,-8,-8
"309011","309117",2,2,40,131,0,-8,2,4,0,-8,-8
"309011","309117",4,27,90,123,0,-8,0,-8,0,-8,-8
"309011","309117",3,700,40,131,0,-8,0,-8,0,-8,-8
"309011","309117",6,34,10,122,0,-8,0,-8,0,-8,-8
"309011","309117",1,3,90,123,2,4,2,4,0,-8,-8
"309021","309201",5,702,12,122,0,-8,2,2,2,1,3
"309021","309201",2,701,12,122,0,-8,2,2,2,1,3
"309021","309201",4,947,12,122,0,-8,2,2,2,1,3
"309021","309201",3,699,12,122,0,-8,2,2,2,1,3
"309021","309201",1,970,12,122,0,-8,2,2,2,1,3
"309021","309202",2,971,12,122,0,-8,2,2,2,1,3
"309021","309202",5,704,12,122,0,-8,2,2,2,1,3
"309021","309202",4,703,12,122,0,-8,2,2,2,1,3
"309021","309202",3,700,12,122,0,-8,2,2,2,1,3
"309021","309202",1,970,12,122,0,-8,2,2,2,1,3
"309021","309203",1,970,12,122,0,-8,2,2,2,1,3
"309021","309203",2,972,12,122,0,-8,2,2,2,1,3
"309021","309203",4,705,12,122,0,-8,2,2,2,1,3
"309021","309203",5,702,12,122,0,-8,2,2,2,1,3
"309021","309203",3,699,12,122,0,-8,2,2,2,1,3
"309021","309204",2,719,12,122,0,-8,2,2,2,1,3
"309021","309204",1,99,12,122,0,-8,2,2,2,1,3
"309021","309204",5,666,12,122,0,-8,2,2,2,1,3
"309021","309204",4,748,12,122,0,-8,2,2,2,1,3
"309021","309204",3,699,12,122,0,-8,2,2,2,1,3
"309021","309205",4,975,12,122,0,-8,2,2,2,1,3
"309021","309205",1,413,12,122,0,-8,2,2,2,1,3
"309021","309205",2,719,12,122,0,-8,2,2,2,1,1
"309021","309205",3,706,12,122,1,2,2,2,2,1,3
"309021","309205",6,801,12,122,0,-8,2,2,2,1,3
"309021","309205",5,940,12,122,0,-8,2,2,2,1,3
"309021","309206",5,704,12,122,0,-8,2,0,2,1,3
"309021","309206",4,940,12,122,0,-8,2,0,2,1,3
"309021","309206",3,699,12,122,2,0,2,0,2,1,3
"309021","309206",2,719,12,122,0,-8,2,0,2,1,3
"309021","309206",1,992,12,122,0,-8,2,0,2,1,3
"309021","309207",5,940,12,122,0,-8,2,2,2,1,3
"309021","309207",2,971,12,122,0,-8,2,2,2,1,3
"309021","309207",3,699,12,122,0,-8,2,2,2,1,3
"309021","309207",4,705,12,122,0,-8,2,2,2,1,3
"309021","309207",1,971,12,122,0,-8,2,2,2,1,3
"309021","309208",2,719,12,122,0,-8,2,2,2,1,3
"309021","309208",3,524,12,122,0,-8,2,2,2,1,3
"309021","309208",1,992,12,122,0,-8,2,2,2,1,3
"309021","309208",5,704,12,122,0,-8,2,2,2,1,3
"309021","309208",4,703,12,122,0,-8,2,2,2,1,3
"309021","309209",2,719,12,122,0,-8,2,2,2,1,3
"309021","309209",4,710,12,122,0,-8,2,2,2,1,3
"309021","309209",3,699,12,122,0,-8,2,2,2,1,3
"309021","309209",1,970,12,122,0,-8,2,2,2,1,3
"309021","309209",5,666,12,122,0,-8,2,2,2,1,3
"310011","310101",4,27,10,312,0,-8,0,-8,0,-8,-8
"310011","310101",2,1,11,312,0,-8,2,0,0,-8,-8
"310011","310101",5,308,10,312,0,-8,0,-8,0,-8,-8
"310011","310101",6,221,12,231,0,-8,0,-8,0,-8,-8
"310011","310101",1,3,10,312,0,-8,0,-8,0,-8,-8
"310011","310102",4,27,11,312,0,-8,0,-8,0,-8,-8
"310011","310102",5,308,11,312,0,-8,2,0,0,-8,-8
"310011","310102",1,3,12,312,0,-8,2,4,0,-8,-8
"310011","310102",2,3,12,312,0,-8,2,4,0,-8,-8
"310011","310102",3,221,12,312,0,-8,2,0,0,-8,-8
"310011","310103",4,27,11,312,0,-8,0,-8,0,-8,-8
"310011","310103",6,221,12,231,0,-8,0,-8,0,-8,-8
"310011","310103",1,3,12,231,0,-8,0,-8,0,-8,-8
"310011","310103",2,1,11,231,0,-8,2,0,2,1,4
"310011","310103",3,625,11,231,0,-8,0,-8,0,-8,-8
"310012","310104",1,3,12,231,2,4,2,4,0,-8,-8
"310012","310104",4,27,11,231,0,-8,0,-8,0,-8,-8
"310012","310104",3,312,12,231,0,-8,0,-8,0,-8,-8
"310012","310104",2,3,12,231,0,-8,0,-8,0,-8,-8
"310012","310104",6,21,11,231,0,-8,0,-8,0,-8,-8
"310012","310104",5,308,11,231,0,-8,0,-8,0,-8,-8
"310012","310105",4,27,11,312,0,-8,0,-8,0,-8,-8
"310012","310105",3,221,12,312,0,-8,0,-8,0,-8,-8
"310012","310105",1,3,12,312,0,-8,0,-8,0,-8,-8
"310012","310105",5,308,11,312,0,-8,0,-8,0,-8,-8
"310012","310105",2,1,11,312,0,-8,2,4,2,1,4
"311011","311101",3,51,20,112,0,-8,1,1,0,-8,-8
"311011","311102",2,1,10,123,0,-8,1,1,2,1,3
"311012","311103",2,1,10,123,0,-8,1,1,2,1,3
"311012","311104",3,51,20,122,0,-8,1,1,0,-8,-8
